Starting a Gradle Daemon, 5 busy and 1 stopped Daemons could not be reused, use --status for details
> Task :commonlibs:compileJava UP-TO-DATE
> Task :apigateway:compileJava UP-TO-DATE
> Task :apigateway:processResources UP-TO-DATE
> Task :apigateway:classes UP-TO-DATE
> Task :apigateway:resolveMainClassName UP-TO-DATE
> Task :commonlibs:processResources UP-TO-DATE
> Task :commonlibs:classes UP-TO-DATE
> Task :commonlibs:jar UP-TO-DATE

> Task :apigateway:bootRun

  .   ____          _            __ _ _
 /\\ / ___'_ __ _ _(_)_ __  __ _ \ \ \ \
( ( )\___ | '_ | '_| | '_ \/ _` | \ \ \ \
 \\/  ___)| |_)| | | | | || (_| |  ) ) ) )
  '  |____| .__|_| |_|_| |_\__, | / / / /
 =========|_|==============|___/=/_/_/_/
 :: Spring Boot ::                (v3.2.5)

2026-01-23T03:39:29.786+05:30  INFO 34921 --- [           main] c.s.apigateway.ApiGatewayApplication     : Starting ApiGatewayApplication using Java 21.0.8 with PID 34921 (/Users/shivakumarpalakurla/Documents/swachvegaapi/apigateway/build/classes/java/main started by shivakumarpalakurla in /Users/shivakumarpalakurla/Documents/swachvegaapi/apigateway)
2026-01-23T03:39:29.787+05:30 DEBUG 34921 --- [           main] c.s.apigateway.ApiGatewayApplication     : Running with Spring Boot v3.2.5, Spring v6.1.6
2026-01-23T03:39:29.788+05:30  INFO 34921 --- [           main] c.s.apigateway.ApiGatewayApplication     : The following 1 profile is active: "local"
2026-01-23T03:39:30.303+05:30  INFO 34921 --- [           main] .s.d.r.c.RepositoryConfigurationDelegate : Multiple Spring Data modules found, entering strict repository configuration mode
2026-01-23T03:39:30.304+05:30  INFO 34921 --- [           main] .s.d.r.c.RepositoryConfigurationDelegate : Bootstrapping Spring Data Redis repositories in DEFAULT mode.
2026-01-23T03:39:30.319+05:30  INFO 34921 --- [           main] .s.d.r.c.RepositoryConfigurationDelegate : Finished Spring Data repository scanning in 9 ms. Found 0 Redis repository interfaces.
2026-01-23T03:39:30.463+05:30  INFO 34921 --- [           main] o.s.cloud.context.scope.GenericScope     : BeanFactory id=f2edf93f-f2c5-3c8a-b291-433d42a7e6c1
2026-01-23T03:39:30.725+05:30  INFO 34921 --- [           main] c.s.a.security.SimpleJwtTokenProvider    : JwtTokenProvider initialized - Access token expiry: 15 minutes, Refresh token expiry: 30 days
2026-01-23T03:39:30.784+05:30 ERROR 34921 --- [           main] i.n.r.d.DnsServerAddressStreamProviders  : Unable to load io.netty.resolver.dns.macos.MacOSDnsServerAddressStreamProvider, fallback to system defaults. This may result in incorrect DNS resolutions on MacOS. Check whether you have a dependency on 'io.netty:netty-resolver-dns-native-macos'. Use DEBUG level to see the full stack: java.lang.UnsatisfiedLinkError: failed to load the required native library
2026-01-23T03:39:31.005+05:30  INFO 34921 --- [           main] ctiveUserDetailsServiceAutoConfiguration : 

Using generated security password: 0a862095-19fd-4f7c-8753-89010deb6930

2026-01-23T03:39:31.157+05:30 DEBUG 34921 --- [           main] o.s.c.gateway.config.GatewayProperties   : Routes supplied from Gateway Properties: [RouteDefinition{id='chatservice-token-local', predicates=[PredicateDefinition{name='Path', args={_genkey_0=/token}}], filters=[FilterDefinition{name='StripPrefix', args={_genkey_0=0}}], uri=http://localhost:8090, order=0, metadata={}}, RouteDefinition{id='chatservice-create-conv-local', predicates=[PredicateDefinition{name='Path', args={_genkey_0=/create-conversation}}], filters=[FilterDefinition{name='StripPrefix', args={_genkey_0=0}}], uri=http://localhost:8090, order=0, metadata={}}, RouteDefinition{id='chatservice-active-convs-local', predicates=[PredicateDefinition{name='Path', args={_genkey_0=/active-conversations}}], filters=[FilterDefinition{name='StripPrefix', args={_genkey_0=0}}], uri=http://localhost:8090, order=0, metadata={}}, RouteDefinition{id='chatservice-end-conv-local', predicates=[PredicateDefinition{name='Path', args={_genkey_0=/end-conversation}}], filters=[FilterDefinition{name='StripPrefix', args={_genkey_0=0}}], uri=http://localhost:8090, order=0, metadata={}}, RouteDefinition{id='chatservice-support-live-request-local', predicates=[PredicateDefinition{name='Path', args={_genkey_0=/support/live-request}}], filters=[FilterDefinition{name='StripPrefix', args={_genkey_0=0}}], uri=http://localhost:8090, order=0, metadata={}}, RouteDefinition{id='chatservice-conversations-local', predicates=[PredicateDefinition{name='Path', args={_genkey_0=/conversations, _genkey_1=/conversations/**}}], filters=[FilterDefinition{name='StripPrefix', args={_genkey_0=0}}], uri=http://localhost:8090, order=0, metadata={}}, RouteDefinition{id='chatservice-ws-local', predicates=[PredicateDefinition{name='Path', args={_genkey_0=/ws}}], filters=[FilterDefinition{name='StripPrefix', args={_genkey_0=0}}], uri=ws://localhost:8090, order=0, metadata={}}, RouteDefinition{id='chatservice-agents-local', predicates=[PredicateDefinition{name='Path', args={_genkey_0=/agents, _genkey_1=/agents/**}}], filters=[FilterDefinition{name='StripPrefix', args={_genkey_0=0}}], uri=http://localhost:8090, order=0, metadata={}}, RouteDefinition{id='userservice', predicates=[PredicateDefinition{name='Path', args={_genkey_0=/api/users/**}}], filters=[], uri=http://localhost:8081, order=0, metadata={}}, RouteDefinition{id='authservice', predicates=[PredicateDefinition{name='Path', args={_genkey_0=/api/consumer/auth/**}}], filters=[], uri=http://localhost:8081, order=0, metadata={}}, RouteDefinition{id='couponservice', predicates=[PredicateDefinition{name='Path', args={_genkey_0=/api/merchant/coupons/**}}], filters=[], uri=http://localhost:8090, order=0, metadata={}}, RouteDefinition{id='couponservice-admin', predicates=[PredicateDefinition{name='Path', args={_genkey_0=/api/admin/coupons/**}}], filters=[], uri=http://localhost:8090, order=0, metadata={}}, RouteDefinition{id='merchantservice', predicates=[PredicateDefinition{name='Path', args={_genkey_0=/api/merchant/**}}], filters=[], uri=http://localhost:8089, order=0, metadata={}}, RouteDefinition{id='productservice', predicates=[PredicateDefinition{name='Path', args={_genkey_0=/api/products/**}}], filters=[], uri=http://localhost:8082, order=0, metadata={}}, RouteDefinition{id='productservice-v1', predicates=[PredicateDefinition{name='Path', args={_genkey_0=/api/v1/products/**}}], filters=[], uri=http://localhost:8082, order=0, metadata={}}, RouteDefinition{id='categoryservice', predicates=[PredicateDefinition{name='Path', args={_genkey_0=/api/categories/**}}], filters=[], uri=http://localhost:8082, order=0, metadata={}}, RouteDefinition{id='productservice-subcategories', predicates=[PredicateDefinition{name='Path', args={_genkey_0=/api/subcategories/**}}], filters=[], uri=http://localhost:8082, order=0, metadata={}}, RouteDefinition{id='productservice-subsubcategories', predicates=[PredicateDefinition{name='Path', args={_genkey_0=/api/subsubcategories/**}}], filters=[], uri=http://localhost:8082, order=0, metadata={}}, RouteDefinition{id='ratingfavoriteservice', predicates=[PredicateDefinition{name='Path', args={_genkey_0=/api/orders/ratings, _genkey_1=/api/orders/ratings/**, _genkey_2=/api/orders/favorites, _genkey_3=/api/orders/favorites/**, _genkey_4=/api/orders/consumer/ratings, _genkey_5=/api/orders/consumer/ratings/**, _genkey_6=/api/orders/*/ratings, _genkey_7=/api/orders/*/ratings/**, _genkey_8=/api/consumer/favorites/**}}], filters=[], uri=http://localhost:8092, order=0, metadata={}}, RouteDefinition{id='orderservice', predicates=[PredicateDefinition{name='Path', args={_genkey_0=/api/orders/**, _genkey_1=/api/trends/**}}], filters=[], uri=http://localhost:8086, order=0, metadata={}}, RouteDefinition{id='orderservice-consumer-coupons', predicates=[PredicateDefinition{name='Path', args={_genkey_0=/api/consumer/coupons/**}}], filters=[], uri=http://localhost:8086, order=0, metadata={}}, RouteDefinition{id='inventoryservice', predicates=[PredicateDefinition{name='Path', args={_genkey_0=/api/inventory/**}}], filters=[], uri=http://localhost:8084, order=0, metadata={}}, RouteDefinition{id='searchservice', predicates=[PredicateDefinition{name='Path', args={_genkey_0=/api/search/**}}], filters=[], uri=http://localhost:8085, order=0, metadata={}}, RouteDefinition{id='storeservice', predicates=[PredicateDefinition{name='Path', args={_genkey_0=/api/stores/**}}], filters=[], uri=http://localhost:8083, order=0, metadata={}}, RouteDefinition{id='landingpageservice', predicates=[PredicateDefinition{name='Path', args={_genkey_0=/api/home/**}}], filters=[], uri=http://localhost:8087, order=0, metadata={}}, RouteDefinition{id='cartservice', predicates=[PredicateDefinition{name='Path', args={_genkey_0=/api/cart/**}}], filters=[], uri=http://localhost:8088, order=0, metadata={}}, RouteDefinition{id='adminservice', predicates=[PredicateDefinition{name='Path', args={_genkey_0=/api/admin/**}}], filters=[], uri=http://localhost:8091, order=0, metadata={}}, RouteDefinition{id='analytics', predicates=[PredicateDefinition{name='Path', args={_genkey_0=/api/analytics/**}}], filters=[], uri=http://localhost:8091, order=0, metadata={}}, RouteDefinition{id='notificationservice', predicates=[PredicateDefinition{name='Path', args={_genkey_0=/api/notifications/**}}], filters=[], uri=http://localhost:8095, order=0, metadata={}}, RouteDefinition{id='userservice-swagger-ui', predicates=[PredicateDefinition{name='Path', args={_genkey_0=/userservice/swagger-ui/**}}], filters=[FilterDefinition{name='RewritePath', args={_genkey_0=/userservice/swagger-ui/(?<segment>.*), _genkey_1=/swagger-ui/${segment}}}], uri=http://localhost:8081, order=0, metadata={}}, RouteDefinition{id='userservice-api-docs', predicates=[PredicateDefinition{name='Path', args={_genkey_0=/userservice/v3/api-docs/**}}], filters=[FilterDefinition{name='RewritePath', args={_genkey_0=/userservice/v3/api-docs/(?<segment>.*), _genkey_1=/v3/api-docs/${segment}}}], uri=http://localhost:8081, order=0, metadata={}}, RouteDefinition{id='productservice-swagger-ui', predicates=[PredicateDefinition{name='Path', args={_genkey_0=/productservice/swagger-ui/**}}], filters=[FilterDefinition{name='RewritePath', args={_genkey_0=/productservice/swagger-ui/(?<segment>.*), _genkey_1=/swagger-ui/${segment}}}], uri=http://localhost:8082, order=0, metadata={}}, RouteDefinition{id='productservice-api-docs', predicates=[PredicateDefinition{name='Path', args={_genkey_0=/productservice/v3/api-docs/**}}], filters=[FilterDefinition{name='RewritePath', args={_genkey_0=/productservice/v3/api-docs/(?<segment>.*), _genkey_1=/v3/api-docs/${segment}}}], uri=http://localhost:8082, order=0, metadata={}}, RouteDefinition{id='orderservice-swagger-ui', predicates=[PredicateDefinition{name='Path', args={_genkey_0=/orderservice/swagger-ui/**}}], filters=[FilterDefinition{name='RewritePath', args={_genkey_0=/orderservice/swagger-ui/(?<segment>.*), _genkey_1=/swagger-ui/${segment}}}], uri=http://localhost:8086, order=0, metadata={}}, RouteDefinition{id='orderservice-api-docs', predicates=[PredicateDefinition{name='Path', args={_genkey_0=/orderservice/v3/api-docs/**}}], filters=[FilterDefinition{name='RewritePath', args={_genkey_0=/orderservice/v3/api-docs/(?<segment>.*), _genkey_1=/v3/api-docs/${segment}}}], uri=http://localhost:8086, order=0, metadata={}}, RouteDefinition{id='inventoryservice-swagger-ui', predicates=[PredicateDefinition{name='Path', args={_genkey_0=/inventoryservice/swagger-ui/**}}], filters=[FilterDefinition{name='RewritePath', args={_genkey_0=/inventoryservice/swagger-ui/(?<segment>.*), _genkey_1=/swagger-ui/${segment}}}], uri=http://localhost:8084, order=0, metadata={}}, RouteDefinition{id='inventoryservice-api-docs', predicates=[PredicateDefinition{name='Path', args={_genkey_0=/inventoryservice/v3/api-docs/**}}], filters=[FilterDefinition{name='RewritePath', args={_genkey_0=/inventoryservice/v3/api-docs/(?<segment>.*), _genkey_1=/v3/api-docs/${segment}}}], uri=http://localhost:8084, order=0, metadata={}}, RouteDefinition{id='searchservice-swagger-ui', predicates=[PredicateDefinition{name='Path', args={_genkey_0=/searchservice/swagger-ui/**}}], filters=[FilterDefinition{name='RewritePath', args={_genkey_0=/searchservice/swagger-ui/(?<segment>.*), _genkey_1=/swagger-ui/${segment}}}], uri=http://localhost:8085, order=0, metadata={}}, RouteDefinition{id='searchservice-api-docs', predicates=[PredicateDefinition{name='Path', args={_genkey_0=/searchservice/v3/api-docs/**}}], filters=[FilterDefinition{name='RewritePath', args={_genkey_0=/searchservice/v3/api-docs/(?<segment>.*), _genkey_1=/v3/api-docs/${segment}}}], uri=http://localhost:8085, order=0, metadata={}}, RouteDefinition{id='storeservice-swagger-ui', predicates=[PredicateDefinition{name='Path', args={_genkey_0=/storeservice/swagger-ui/**}}], filters=[FilterDefinition{name='RewritePath', args={_genkey_0=/storeservice/swagger-ui/(?<segment>.*), _genkey_1=/swagger-ui/${segment}}}], uri=http://localhost:8083, order=0, metadata={}}, RouteDefinition{id='storeservice-api-docs', predicates=[PredicateDefinition{name='Path', args={_genkey_0=/storeservice/v3/api-docs/**}}], filters=[FilterDefinition{name='RewritePath', args={_genkey_0=/storeservice/v3/api-docs/(?<segment>.*), _genkey_1=/v3/api-docs/${segment}}}], uri=http://localhost:8083, order=0, metadata={}}, RouteDefinition{id='adminservice-api-docs', predicates=[PredicateDefinition{name='Path', args={_genkey_0=/adminservice/v3/api-docs/**}}], filters=[FilterDefinition{name='RewritePath', args={_genkey_0=/adminservice/v3/api-docs/(?<segment>.*), _genkey_1=/v3/api-docs/${segment}}}], uri=http://localhost:8091, order=0, metadata={}}, RouteDefinition{id='notificationservice-swagger-ui', predicates=[PredicateDefinition{name='Path', args={_genkey_0=/notificationservice/swagger-ui/**}}], filters=[FilterDefinition{name='RewritePath', args={_genkey_0=/notificationservice/swagger-ui/(?<segment>.*), _genkey_1=/swagger-ui/${segment}}}], uri=http://localhost:8095, order=0, metadata={}}, RouteDefinition{id='notificationservice-api-docs', predicates=[PredicateDefinition{name='Path', args={_genkey_0=/notificationservice/v3/api-docs/**}}], filters=[FilterDefinition{name='RewritePath', args={_genkey_0=/notificationservice/v3/api-docs/(?<segment>.*), _genkey_1=/v3/api-docs/${segment}}}], uri=http://localhost:8095, order=0, metadata={}}, RouteDefinition{id='apigateway-swagger-ui-html', predicates=[PredicateDefinition{name='Path', args={_genkey_0=/swagger-ui.html}}], filters=[], uri=no://op, order=0, metadata={}}, RouteDefinition{id='apigateway-swagger-ui', predicates=[PredicateDefinition{name='Path', args={_genkey_0=/swagger-ui/**}}], filters=[], uri=no://op, order=0, metadata={}}, RouteDefinition{id='apigateway-api-docs', predicates=[PredicateDefinition{name='Path', args={_genkey_0=/v3/api-docs/**}}], filters=[], uri=no://op, order=0, metadata={}}]
2026-01-23T03:39:31.261+05:30 DEBUG 34921 --- [           main] s.c.g.f.f.c.LocalResponseCacheProperties : No TTL configuration found. Default TTL will be applied for cache entries: PT5M minutes
2026-01-23T03:39:31.269+05:30  INFO 34921 --- [           main] o.s.c.g.r.RouteDefinitionRouteLocator    : Loaded RoutePredicateFactory [After]
2026-01-23T03:39:31.269+05:30  INFO 34921 --- [           main] o.s.c.g.r.RouteDefinitionRouteLocator    : Loaded RoutePredicateFactory [Before]
2026-01-23T03:39:31.269+05:30  INFO 34921 --- [           main] o.s.c.g.r.RouteDefinitionRouteLocator    : Loaded RoutePredicateFactory [Between]
2026-01-23T03:39:31.269+05:30  INFO 34921 --- [           main] o.s.c.g.r.RouteDefinitionRouteLocator    : Loaded RoutePredicateFactory [Cookie]
2026-01-23T03:39:31.269+05:30  INFO 34921 --- [           main] o.s.c.g.r.RouteDefinitionRouteLocator    : Loaded RoutePredicateFactory [Header]
2026-01-23T03:39:31.269+05:30  INFO 34921 --- [           main] o.s.c.g.r.RouteDefinitionRouteLocator    : Loaded RoutePredicateFactory [Host]
2026-01-23T03:39:31.269+05:30  INFO 34921 --- [           main] o.s.c.g.r.RouteDefinitionRouteLocator    : Loaded RoutePredicateFactory [Method]
2026-01-23T03:39:31.269+05:30  INFO 34921 --- [           main] o.s.c.g.r.RouteDefinitionRouteLocator    : Loaded RoutePredicateFactory [Path]
2026-01-23T03:39:31.269+05:30  INFO 34921 --- [           main] o.s.c.g.r.RouteDefinitionRouteLocator    : Loaded RoutePredicateFactory [Query]
2026-01-23T03:39:31.269+05:30  INFO 34921 --- [           main] o.s.c.g.r.RouteDefinitionRouteLocator    : Loaded RoutePredicateFactory [ReadBody]
2026-01-23T03:39:31.269+05:30  INFO 34921 --- [           main] o.s.c.g.r.RouteDefinitionRouteLocator    : Loaded RoutePredicateFactory [RemoteAddr]
2026-01-23T03:39:31.269+05:30  INFO 34921 --- [           main] o.s.c.g.r.RouteDefinitionRouteLocator    : Loaded RoutePredicateFactory [XForwardedRemoteAddr]
2026-01-23T03:39:31.269+05:30  INFO 34921 --- [           main] o.s.c.g.r.RouteDefinitionRouteLocator    : Loaded RoutePredicateFactory [Weight]
2026-01-23T03:39:31.269+05:30  INFO 34921 --- [           main] o.s.c.g.r.RouteDefinitionRouteLocator    : Loaded RoutePredicateFactory [CloudFoundryRouteService]
2026-01-23T03:39:31.408+05:30  INFO 34921 --- [           main] o.s.b.a.e.web.EndpointLinksResolver      : Exposing 15 endpoint(s) beneath base path '/actuator'
2026-01-23T03:39:31.650+05:30  INFO 34921 --- [           main] o.s.b.web.embedded.netty.NettyWebServer  : Netty started on port 8080
2026-01-23T03:39:31.681+05:30 DEBUG 34921 --- [           main] o.s.c.g.r.RouteDefinitionRouteLocator    : RouteDefinition chatservice-token-local applying {_genkey_0=/token} to Path
2026-01-23T03:39:31.689+05:30 DEBUG 34921 --- [           main] o.s.c.g.r.RouteDefinitionRouteLocator    : RouteDefinition chatservice-token-local applying filter {_genkey_0=0} to StripPrefix
2026-01-23T03:39:31.691+05:30 DEBUG 34921 --- [           main] o.s.c.g.r.RouteDefinitionRouteLocator    : RouteDefinition matched: chatservice-token-local
2026-01-23T03:39:31.691+05:30 DEBUG 34921 --- [           main] o.s.c.g.r.RouteDefinitionRouteLocator    : RouteDefinition chatservice-create-conv-local applying {_genkey_0=/create-conversation} to Path
2026-01-23T03:39:31.692+05:30 DEBUG 34921 --- [           main] o.s.c.g.r.RouteDefinitionRouteLocator    : RouteDefinition chatservice-create-conv-local applying filter {_genkey_0=0} to StripPrefix
2026-01-23T03:39:31.692+05:30 DEBUG 34921 --- [           main] o.s.c.g.r.RouteDefinitionRouteLocator    : RouteDefinition matched: chatservice-create-conv-local
2026-01-23T03:39:31.692+05:30 DEBUG 34921 --- [           main] o.s.c.g.r.RouteDefinitionRouteLocator    : RouteDefinition chatservice-active-convs-local applying {_genkey_0=/active-conversations} to Path
2026-01-23T03:39:31.692+05:30 DEBUG 34921 --- [           main] o.s.c.g.r.RouteDefinitionRouteLocator    : RouteDefinition chatservice-active-convs-local applying filter {_genkey_0=0} to StripPrefix
2026-01-23T03:39:31.693+05:30 DEBUG 34921 --- [           main] o.s.c.g.r.RouteDefinitionRouteLocator    : RouteDefinition matched: chatservice-active-convs-local
2026-01-23T03:39:31.693+05:30 DEBUG 34921 --- [           main] o.s.c.g.r.RouteDefinitionRouteLocator    : RouteDefinition chatservice-end-conv-local applying {_genkey_0=/end-conversation} to Path
2026-01-23T03:39:31.693+05:30 DEBUG 34921 --- [           main] o.s.c.g.r.RouteDefinitionRouteLocator    : RouteDefinition chatservice-end-conv-local applying filter {_genkey_0=0} to StripPrefix
2026-01-23T03:39:31.693+05:30 DEBUG 34921 --- [           main] o.s.c.g.r.RouteDefinitionRouteLocator    : RouteDefinition matched: chatservice-end-conv-local
2026-01-23T03:39:31.693+05:30 DEBUG 34921 --- [           main] o.s.c.g.r.RouteDefinitionRouteLocator    : RouteDefinition chatservice-support-live-request-local applying {_genkey_0=/support/live-request} to Path
2026-01-23T03:39:31.694+05:30 DEBUG 34921 --- [           main] o.s.c.g.r.RouteDefinitionRouteLocator    : RouteDefinition chatservice-support-live-request-local applying filter {_genkey_0=0} to StripPrefix
2026-01-23T03:39:31.694+05:30 DEBUG 34921 --- [           main] o.s.c.g.r.RouteDefinitionRouteLocator    : RouteDefinition matched: chatservice-support-live-request-local
2026-01-23T03:39:31.694+05:30 DEBUG 34921 --- [           main] o.s.c.g.r.RouteDefinitionRouteLocator    : RouteDefinition chatservice-conversations-local applying {_genkey_0=/conversations, _genkey_1=/conversations/**} to Path
2026-01-23T03:39:31.694+05:30 DEBUG 34921 --- [           main] o.s.c.g.r.RouteDefinitionRouteLocator    : RouteDefinition chatservice-conversations-local applying filter {_genkey_0=0} to StripPrefix
2026-01-23T03:39:31.694+05:30 DEBUG 34921 --- [           main] o.s.c.g.r.RouteDefinitionRouteLocator    : RouteDefinition matched: chatservice-conversations-local
2026-01-23T03:39:31.694+05:30 DEBUG 34921 --- [           main] o.s.c.g.r.RouteDefinitionRouteLocator    : RouteDefinition chatservice-ws-local applying {_genkey_0=/ws} to Path
2026-01-23T03:39:31.695+05:30 DEBUG 34921 --- [           main] o.s.c.g.r.RouteDefinitionRouteLocator    : RouteDefinition chatservice-ws-local applying filter {_genkey_0=0} to StripPrefix
2026-01-23T03:39:31.695+05:30 DEBUG 34921 --- [           main] o.s.c.g.r.RouteDefinitionRouteLocator    : RouteDefinition matched: chatservice-ws-local
2026-01-23T03:39:31.695+05:30 DEBUG 34921 --- [           main] o.s.c.g.r.RouteDefinitionRouteLocator    : RouteDefinition chatservice-agents-local applying {_genkey_0=/agents, _genkey_1=/agents/**} to Path
2026-01-23T03:39:31.695+05:30 DEBUG 34921 --- [           main] o.s.c.g.r.RouteDefinitionRouteLocator    : RouteDefinition chatservice-agents-local applying filter {_genkey_0=0} to StripPrefix
2026-01-23T03:39:31.695+05:30 DEBUG 34921 --- [           main] o.s.c.g.r.RouteDefinitionRouteLocator    : RouteDefinition matched: chatservice-agents-local
2026-01-23T03:39:31.695+05:30 DEBUG 34921 --- [           main] o.s.c.g.r.RouteDefinitionRouteLocator    : RouteDefinition userservice applying {_genkey_0=/api/users/**} to Path
2026-01-23T03:39:31.696+05:30 DEBUG 34921 --- [           main] o.s.c.g.r.RouteDefinitionRouteLocator    : RouteDefinition matched: userservice
2026-01-23T03:39:31.696+05:30 DEBUG 34921 --- [           main] o.s.c.g.r.RouteDefinitionRouteLocator    : RouteDefinition authservice applying {_genkey_0=/api/consumer/auth/**} to Path
2026-01-23T03:39:31.696+05:30 DEBUG 34921 --- [           main] o.s.c.g.r.RouteDefinitionRouteLocator    : RouteDefinition matched: authservice
2026-01-23T03:39:31.696+05:30 DEBUG 34921 --- [           main] o.s.c.g.r.RouteDefinitionRouteLocator    : RouteDefinition couponservice applying {_genkey_0=/api/merchant/coupons/**} to Path
2026-01-23T03:39:31.696+05:30 DEBUG 34921 --- [           main] o.s.c.g.r.RouteDefinitionRouteLocator    : RouteDefinition matched: couponservice
2026-01-23T03:39:31.696+05:30 DEBUG 34921 --- [           main] o.s.c.g.r.RouteDefinitionRouteLocator    : RouteDefinition couponservice-admin applying {_genkey_0=/api/admin/coupons/**} to Path
2026-01-23T03:39:31.697+05:30 DEBUG 34921 --- [           main] o.s.c.g.r.RouteDefinitionRouteLocator    : RouteDefinition matched: couponservice-admin
2026-01-23T03:39:31.697+05:30 DEBUG 34921 --- [           main] o.s.c.g.r.RouteDefinitionRouteLocator    : RouteDefinition merchantservice applying {_genkey_0=/api/merchant/**} to Path
2026-01-23T03:39:31.697+05:30 DEBUG 34921 --- [           main] o.s.c.g.r.RouteDefinitionRouteLocator    : RouteDefinition matched: merchantservice
2026-01-23T03:39:31.697+05:30 DEBUG 34921 --- [           main] o.s.c.g.r.RouteDefinitionRouteLocator    : RouteDefinition productservice applying {_genkey_0=/api/products/**} to Path
2026-01-23T03:39:31.697+05:30 DEBUG 34921 --- [           main] o.s.c.g.r.RouteDefinitionRouteLocator    : RouteDefinition matched: productservice
2026-01-23T03:39:31.697+05:30 DEBUG 34921 --- [           main] o.s.c.g.r.RouteDefinitionRouteLocator    : RouteDefinition productservice-v1 applying {_genkey_0=/api/v1/products/**} to Path
2026-01-23T03:39:31.697+05:30 DEBUG 34921 --- [           main] o.s.c.g.r.RouteDefinitionRouteLocator    : RouteDefinition matched: productservice-v1
2026-01-23T03:39:31.697+05:30 DEBUG 34921 --- [           main] o.s.c.g.r.RouteDefinitionRouteLocator    : RouteDefinition categoryservice applying {_genkey_0=/api/categories/**} to Path
2026-01-23T03:39:31.698+05:30 DEBUG 34921 --- [           main] o.s.c.g.r.RouteDefinitionRouteLocator    : RouteDefinition matched: categoryservice
2026-01-23T03:39:31.698+05:30 DEBUG 34921 --- [           main] o.s.c.g.r.RouteDefinitionRouteLocator    : RouteDefinition productservice-subcategories applying {_genkey_0=/api/subcategories/**} to Path
2026-01-23T03:39:31.698+05:30 DEBUG 34921 --- [           main] o.s.c.g.r.RouteDefinitionRouteLocator    : RouteDefinition matched: productservice-subcategories
2026-01-23T03:39:31.698+05:30 DEBUG 34921 --- [           main] o.s.c.g.r.RouteDefinitionRouteLocator    : RouteDefinition productservice-subsubcategories applying {_genkey_0=/api/subsubcategories/**} to Path
2026-01-23T03:39:31.698+05:30 DEBUG 34921 --- [           main] o.s.c.g.r.RouteDefinitionRouteLocator    : RouteDefinition matched: productservice-subsubcategories
2026-01-23T03:39:31.698+05:30 DEBUG 34921 --- [           main] o.s.c.g.r.RouteDefinitionRouteLocator    : RouteDefinition ratingfavoriteservice applying {_genkey_0=/api/orders/ratings, _genkey_1=/api/orders/ratings/**, _genkey_2=/api/orders/favorites, _genkey_3=/api/orders/favorites/**, _genkey_4=/api/orders/consumer/ratings, _genkey_5=/api/orders/consumer/ratings/**, _genkey_6=/api/orders/*/ratings, _genkey_7=/api/orders/*/ratings/**, _genkey_8=/api/consumer/favorites/**} to Path
2026-01-23T03:39:31.698+05:30 DEBUG 34921 --- [           main] o.s.c.g.r.RouteDefinitionRouteLocator    : RouteDefinition matched: ratingfavoriteservice
2026-01-23T03:39:31.699+05:30 DEBUG 34921 --- [           main] o.s.c.g.r.RouteDefinitionRouteLocator    : RouteDefinition orderservice applying {_genkey_0=/api/orders/**, _genkey_1=/api/trends/**} to Path
2026-01-23T03:39:31.699+05:30 DEBUG 34921 --- [           main] o.s.c.g.r.RouteDefinitionRouteLocator    : RouteDefinition matched: orderservice
2026-01-23T03:39:31.699+05:30 DEBUG 34921 --- [           main] o.s.c.g.r.RouteDefinitionRouteLocator    : RouteDefinition orderservice-consumer-coupons applying {_genkey_0=/api/consumer/coupons/**} to Path
2026-01-23T03:39:31.699+05:30 DEBUG 34921 --- [           main] o.s.c.g.r.RouteDefinitionRouteLocator    : RouteDefinition matched: orderservice-consumer-coupons
2026-01-23T03:39:31.699+05:30 DEBUG 34921 --- [           main] o.s.c.g.r.RouteDefinitionRouteLocator    : RouteDefinition inventoryservice applying {_genkey_0=/api/inventory/**} to Path
2026-01-23T03:39:31.699+05:30 DEBUG 34921 --- [           main] o.s.c.g.r.RouteDefinitionRouteLocator    : RouteDefinition matched: inventoryservice
2026-01-23T03:39:31.699+05:30 DEBUG 34921 --- [           main] o.s.c.g.r.RouteDefinitionRouteLocator    : RouteDefinition searchservice applying {_genkey_0=/api/search/**} to Path
2026-01-23T03:39:31.700+05:30 DEBUG 34921 --- [           main] o.s.c.g.r.RouteDefinitionRouteLocator    : RouteDefinition matched: searchservice
2026-01-23T03:39:31.700+05:30 DEBUG 34921 --- [           main] o.s.c.g.r.RouteDefinitionRouteLocator    : RouteDefinition storeservice applying {_genkey_0=/api/stores/**} to Path
2026-01-23T03:39:31.700+05:30 DEBUG 34921 --- [           main] o.s.c.g.r.RouteDefinitionRouteLocator    : RouteDefinition matched: storeservice
2026-01-23T03:39:31.700+05:30 DEBUG 34921 --- [           main] o.s.c.g.r.RouteDefinitionRouteLocator    : RouteDefinition landingpageservice applying {_genkey_0=/api/home/**} to Path
2026-01-23T03:39:31.700+05:30 DEBUG 34921 --- [           main] o.s.c.g.r.RouteDefinitionRouteLocator    : RouteDefinition matched: landingpageservice
2026-01-23T03:39:31.700+05:30 DEBUG 34921 --- [           main] o.s.c.g.r.RouteDefinitionRouteLocator    : RouteDefinition cartservice applying {_genkey_0=/api/cart/**} to Path
2026-01-23T03:39:31.701+05:30 DEBUG 34921 --- [           main] o.s.c.g.r.RouteDefinitionRouteLocator    : RouteDefinition matched: cartservice
2026-01-23T03:39:31.701+05:30 DEBUG 34921 --- [           main] o.s.c.g.r.RouteDefinitionRouteLocator    : RouteDefinition adminservice applying {_genkey_0=/api/admin/**} to Path
2026-01-23T03:39:31.701+05:30 DEBUG 34921 --- [           main] o.s.c.g.r.RouteDefinitionRouteLocator    : RouteDefinition matched: adminservice
2026-01-23T03:39:31.701+05:30 DEBUG 34921 --- [           main] o.s.c.g.r.RouteDefinitionRouteLocator    : RouteDefinition analytics applying {_genkey_0=/api/analytics/**} to Path
2026-01-23T03:39:31.701+05:30 DEBUG 34921 --- [           main] o.s.c.g.r.RouteDefinitionRouteLocator    : RouteDefinition matched: analytics
2026-01-23T03:39:31.701+05:30 DEBUG 34921 --- [           main] o.s.c.g.r.RouteDefinitionRouteLocator    : RouteDefinition notificationservice applying {_genkey_0=/api/notifications/**} to Path
2026-01-23T03:39:31.702+05:30 DEBUG 34921 --- [           main] o.s.c.g.r.RouteDefinitionRouteLocator    : RouteDefinition matched: notificationservice
2026-01-23T03:39:31.702+05:30 DEBUG 34921 --- [           main] o.s.c.g.r.RouteDefinitionRouteLocator    : RouteDefinition userservice-swagger-ui applying {_genkey_0=/userservice/swagger-ui/**} to Path
2026-01-23T03:39:31.702+05:30 DEBUG 34921 --- [           main] o.s.c.g.r.RouteDefinitionRouteLocator    : RouteDefinition userservice-swagger-ui applying filter {_genkey_0=/userservice/swagger-ui/(?<segment>.*), _genkey_1=/swagger-ui/${segment}} to RewritePath
2026-01-23T03:39:31.705+05:30 DEBUG 34921 --- [           main] o.s.c.g.r.RouteDefinitionRouteLocator    : RouteDefinition matched: userservice-swagger-ui
2026-01-23T03:39:31.705+05:30 DEBUG 34921 --- [           main] o.s.c.g.r.RouteDefinitionRouteLocator    : RouteDefinition userservice-api-docs applying {_genkey_0=/userservice/v3/api-docs/**} to Path
2026-01-23T03:39:31.705+05:30 DEBUG 34921 --- [           main] o.s.c.g.r.RouteDefinitionRouteLocator    : RouteDefinition userservice-api-docs applying filter {_genkey_0=/userservice/v3/api-docs/(?<segment>.*), _genkey_1=/v3/api-docs/${segment}} to RewritePath
2026-01-23T03:39:31.705+05:30 DEBUG 34921 --- [           main] o.s.c.g.r.RouteDefinitionRouteLocator    : RouteDefinition matched: userservice-api-docs
2026-01-23T03:39:31.705+05:30 DEBUG 34921 --- [           main] o.s.c.g.r.RouteDefinitionRouteLocator    : RouteDefinition productservice-swagger-ui applying {_genkey_0=/productservice/swagger-ui/**} to Path
2026-01-23T03:39:31.705+05:30 DEBUG 34921 --- [           main] o.s.c.g.r.RouteDefinitionRouteLocator    : RouteDefinition productservice-swagger-ui applying filter {_genkey_0=/productservice/swagger-ui/(?<segment>.*), _genkey_1=/swagger-ui/${segment}} to RewritePath
2026-01-23T03:39:31.706+05:30 DEBUG 34921 --- [           main] o.s.c.g.r.RouteDefinitionRouteLocator    : RouteDefinition matched: productservice-swagger-ui
2026-01-23T03:39:31.706+05:30 DEBUG 34921 --- [           main] o.s.c.g.r.RouteDefinitionRouteLocator    : RouteDefinition productservice-api-docs applying {_genkey_0=/productservice/v3/api-docs/**} to Path
2026-01-23T03:39:31.706+05:30 DEBUG 34921 --- [           main] o.s.c.g.r.RouteDefinitionRouteLocator    : RouteDefinition productservice-api-docs applying filter {_genkey_0=/productservice/v3/api-docs/(?<segment>.*), _genkey_1=/v3/api-docs/${segment}} to RewritePath
2026-01-23T03:39:31.706+05:30 DEBUG 34921 --- [           main] o.s.c.g.r.RouteDefinitionRouteLocator    : RouteDefinition matched: productservice-api-docs
2026-01-23T03:39:31.706+05:30 DEBUG 34921 --- [           main] o.s.c.g.r.RouteDefinitionRouteLocator    : RouteDefinition orderservice-swagger-ui applying {_genkey_0=/orderservice/swagger-ui/**} to Path
2026-01-23T03:39:31.706+05:30 DEBUG 34921 --- [           main] o.s.c.g.r.RouteDefinitionRouteLocator    : RouteDefinition orderservice-swagger-ui applying filter {_genkey_0=/orderservice/swagger-ui/(?<segment>.*), _genkey_1=/swagger-ui/${segment}} to RewritePath
2026-01-23T03:39:31.707+05:30 DEBUG 34921 --- [           main] o.s.c.g.r.RouteDefinitionRouteLocator    : RouteDefinition matched: orderservice-swagger-ui
2026-01-23T03:39:31.707+05:30 DEBUG 34921 --- [           main] o.s.c.g.r.RouteDefinitionRouteLocator    : RouteDefinition orderservice-api-docs applying {_genkey_0=/orderservice/v3/api-docs/**} to Path
2026-01-23T03:39:31.707+05:30 DEBUG 34921 --- [           main] o.s.c.g.r.RouteDefinitionRouteLocator    : RouteDefinition orderservice-api-docs applying filter {_genkey_0=/orderservice/v3/api-docs/(?<segment>.*), _genkey_1=/v3/api-docs/${segment}} to RewritePath
2026-01-23T03:39:31.708+05:30 DEBUG 34921 --- [           main] o.s.c.g.r.RouteDefinitionRouteLocator    : RouteDefinition matched: orderservice-api-docs
2026-01-23T03:39:31.708+05:30 DEBUG 34921 --- [           main] o.s.c.g.r.RouteDefinitionRouteLocator    : RouteDefinition inventoryservice-swagger-ui applying {_genkey_0=/inventoryservice/swagger-ui/**} to Path
2026-01-23T03:39:31.708+05:30 DEBUG 34921 --- [           main] o.s.c.g.r.RouteDefinitionRouteLocator    : RouteDefinition inventoryservice-swagger-ui applying filter {_genkey_0=/inventoryservice/swagger-ui/(?<segment>.*), _genkey_1=/swagger-ui/${segment}} to RewritePath
2026-01-23T03:39:31.708+05:30 DEBUG 34921 --- [           main] o.s.c.g.r.RouteDefinitionRouteLocator    : RouteDefinition matched: inventoryservice-swagger-ui
2026-01-23T03:39:31.708+05:30 DEBUG 34921 --- [           main] o.s.c.g.r.RouteDefinitionRouteLocator    : RouteDefinition inventoryservice-api-docs applying {_genkey_0=/inventoryservice/v3/api-docs/**} to Path
2026-01-23T03:39:31.709+05:30 DEBUG 34921 --- [           main] o.s.c.g.r.RouteDefinitionRouteLocator    : RouteDefinition inventoryservice-api-docs applying filter {_genkey_0=/inventoryservice/v3/api-docs/(?<segment>.*), _genkey_1=/v3/api-docs/${segment}} to RewritePath
2026-01-23T03:39:31.709+05:30 DEBUG 34921 --- [           main] o.s.c.g.r.RouteDefinitionRouteLocator    : RouteDefinition matched: inventoryservice-api-docs
2026-01-23T03:39:31.709+05:30 DEBUG 34921 --- [           main] o.s.c.g.r.RouteDefinitionRouteLocator    : RouteDefinition searchservice-swagger-ui applying {_genkey_0=/searchservice/swagger-ui/**} to Path
2026-01-23T03:39:31.710+05:30 DEBUG 34921 --- [           main] o.s.c.g.r.RouteDefinitionRouteLocator    : RouteDefinition searchservice-swagger-ui applying filter {_genkey_0=/searchservice/swagger-ui/(?<segment>.*), _genkey_1=/swagger-ui/${segment}} to RewritePath
2026-01-23T03:39:31.712+05:30 DEBUG 34921 --- [           main] o.s.c.g.r.RouteDefinitionRouteLocator    : RouteDefinition matched: searchservice-swagger-ui
2026-01-23T03:39:31.712+05:30 DEBUG 34921 --- [           main] o.s.c.g.r.RouteDefinitionRouteLocator    : RouteDefinition searchservice-api-docs applying {_genkey_0=/searchservice/v3/api-docs/**} to Path
2026-01-23T03:39:31.713+05:30 DEBUG 34921 --- [           main] o.s.c.g.r.RouteDefinitionRouteLocator    : RouteDefinition searchservice-api-docs applying filter {_genkey_0=/searchservice/v3/api-docs/(?<segment>.*), _genkey_1=/v3/api-docs/${segment}} to RewritePath
2026-01-23T03:39:31.714+05:30 DEBUG 34921 --- [           main] o.s.c.g.r.RouteDefinitionRouteLocator    : RouteDefinition matched: searchservice-api-docs
2026-01-23T03:39:31.714+05:30 DEBUG 34921 --- [           main] o.s.c.g.r.RouteDefinitionRouteLocator    : RouteDefinition storeservice-swagger-ui applying {_genkey_0=/storeservice/swagger-ui/**} to Path
2026-01-23T03:39:31.715+05:30 DEBUG 34921 --- [           main] o.s.c.g.r.RouteDefinitionRouteLocator    : RouteDefinition storeservice-swagger-ui applying filter {_genkey_0=/storeservice/swagger-ui/(?<segment>.*), _genkey_1=/swagger-ui/${segment}} to RewritePath
2026-01-23T03:39:31.715+05:30 DEBUG 34921 --- [           main] o.s.c.g.r.RouteDefinitionRouteLocator    : RouteDefinition matched: storeservice-swagger-ui
2026-01-23T03:39:31.715+05:30 DEBUG 34921 --- [           main] o.s.c.g.r.RouteDefinitionRouteLocator    : RouteDefinition storeservice-api-docs applying {_genkey_0=/storeservice/v3/api-docs/**} to Path
2026-01-23T03:39:31.715+05:30 DEBUG 34921 --- [           main] o.s.c.g.r.RouteDefinitionRouteLocator    : RouteDefinition storeservice-api-docs applying filter {_genkey_0=/storeservice/v3/api-docs/(?<segment>.*), _genkey_1=/v3/api-docs/${segment}} to RewritePath
2026-01-23T03:39:31.716+05:30 DEBUG 34921 --- [           main] o.s.c.g.r.RouteDefinitionRouteLocator    : RouteDefinition matched: storeservice-api-docs
2026-01-23T03:39:31.716+05:30 DEBUG 34921 --- [           main] o.s.c.g.r.RouteDefinitionRouteLocator    : RouteDefinition adminservice-api-docs applying {_genkey_0=/adminservice/v3/api-docs/**} to Path
2026-01-23T03:39:31.716+05:30 DEBUG 34921 --- [           main] o.s.c.g.r.RouteDefinitionRouteLocator    : RouteDefinition adminservice-api-docs applying filter {_genkey_0=/adminservice/v3/api-docs/(?<segment>.*), _genkey_1=/v3/api-docs/${segment}} to RewritePath
2026-01-23T03:39:31.716+05:30 DEBUG 34921 --- [           main] o.s.c.g.r.RouteDefinitionRouteLocator    : RouteDefinition matched: adminservice-api-docs
2026-01-23T03:39:31.716+05:30 DEBUG 34921 --- [           main] o.s.c.g.r.RouteDefinitionRouteLocator    : RouteDefinition notificationservice-swagger-ui applying {_genkey_0=/notificationservice/swagger-ui/**} to Path
2026-01-23T03:39:31.717+05:30 DEBUG 34921 --- [           main] o.s.c.g.r.RouteDefinitionRouteLocator    : RouteDefinition notificationservice-swagger-ui applying filter {_genkey_0=/notificationservice/swagger-ui/(?<segment>.*), _genkey_1=/swagger-ui/${segment}} to RewritePath
2026-01-23T03:39:31.717+05:30 DEBUG 34921 --- [           main] o.s.c.g.r.RouteDefinitionRouteLocator    : RouteDefinition matched: notificationservice-swagger-ui
2026-01-23T03:39:31.717+05:30 DEBUG 34921 --- [           main] o.s.c.g.r.RouteDefinitionRouteLocator    : RouteDefinition notificationservice-api-docs applying {_genkey_0=/notificationservice/v3/api-docs/**} to Path
2026-01-23T03:39:31.719+05:30 DEBUG 34921 --- [           main] o.s.c.g.r.RouteDefinitionRouteLocator    : RouteDefinition notificationservice-api-docs applying filter {_genkey_0=/notificationservice/v3/api-docs/(?<segment>.*), _genkey_1=/v3/api-docs/${segment}} to RewritePath
2026-01-23T03:39:31.720+05:30 DEBUG 34921 --- [           main] o.s.c.g.r.RouteDefinitionRouteLocator    : RouteDefinition matched: notificationservice-api-docs
2026-01-23T03:39:31.720+05:30 DEBUG 34921 --- [           main] o.s.c.g.r.RouteDefinitionRouteLocator    : RouteDefinition apigateway-swagger-ui-html applying {_genkey_0=/swagger-ui.html} to Path
2026-01-23T03:39:31.722+05:30 DEBUG 34921 --- [           main] o.s.c.g.r.RouteDefinitionRouteLocator    : RouteDefinition matched: apigateway-swagger-ui-html
2026-01-23T03:39:31.722+05:30 DEBUG 34921 --- [           main] o.s.c.g.r.RouteDefinitionRouteLocator    : RouteDefinition apigateway-swagger-ui applying {_genkey_0=/swagger-ui/**} to Path
2026-01-23T03:39:31.723+05:30 DEBUG 34921 --- [           main] o.s.c.g.r.RouteDefinitionRouteLocator    : RouteDefinition matched: apigateway-swagger-ui
2026-01-23T03:39:31.723+05:30 DEBUG 34921 --- [           main] o.s.c.g.r.RouteDefinitionRouteLocator    : RouteDefinition apigateway-api-docs applying {_genkey_0=/v3/api-docs/**} to Path
2026-01-23T03:39:31.723+05:30 DEBUG 34921 --- [           main] o.s.c.g.r.RouteDefinitionRouteLocator    : RouteDefinition matched: apigateway-api-docs
2026-01-23T03:39:31.728+05:30 DEBUG 34921 --- [           main] o.s.c.g.filter.GatewayMetricsFilter      : New routes count: 47
2026-01-23T03:39:31.731+05:30  INFO 34921 --- [           main] c.s.apigateway.ApiGatewayApplication     : Started ApiGatewayApplication in 2.272 seconds (process running for 2.453)
2026-01-23T03:41:27.039+05:30 DEBUG 34921 --- [     parallel-2] o.s.c.g.h.RoutePredicateHandlerMapping   : Route matched: categoryservice
2026-01-23T03:41:27.041+05:30 DEBUG 34921 --- [     parallel-2] o.s.c.g.h.RoutePredicateHandlerMapping   : Mapping [Exchange: GET http://localhost:8080/api/categories] to Route{id='categoryservice', uri=http://localhost:8082, order=0, predicate=Paths: [/api/categories/**], match trailing slash: true, gatewayFilters=[], metadata={}}
2026-01-23T03:41:27.041+05:30 DEBUG 34921 --- [     parallel-2] o.s.c.g.h.RoutePredicateHandlerMapping   : [f4064e0b-2] Mapped to org.springframework.cloud.gateway.handler.FilteringWebHandler@2cd27ab9
2026-01-23T03:41:27.042+05:30 DEBUG 34921 --- [     parallel-2] o.s.c.g.handler.FilteringWebHandler      : Sorted gatewayFilterFactories: [[GatewayFilterAdapter{delegate=org.springframework.cloud.gateway.filter.RemoveCachedBodyFilter@59831016}, order = -2147483648], [GatewayFilterAdapter{delegate=org.springframework.cloud.gateway.filter.AdaptCachedBodyGlobalFilter@4c114687}, order = -2147482648], [GatewayFilterAdapter{delegate=com.swachvega.apigateway.filter.JwtAuthenticationFilter@64e657b0}, order = -100], [GatewayFilterAdapter{delegate=com.swachvega.apigateway.security.MerchantApprovalEnforcementFilter@6c46dc02}, order = -85], [GatewayFilterAdapter{delegate=com.swachvega.apigateway.security.AdminEnforcementFilter@50013a15}, order = -80], [GatewayFilterAdapter{delegate=org.springframework.cloud.gateway.filter.NettyWriteResponseFilter@b5390}, order = -1], [GatewayFilterAdapter{delegate=org.springframework.cloud.gateway.filter.ForwardPathFilter@397dfbe8}, order = 0], [GatewayFilterAdapter{delegate=org.springframework.cloud.gateway.filter.GatewayMetricsFilter@3791af}, order = 0], [GatewayFilterAdapter{delegate=org.springframework.cloud.gateway.filter.RouteToRequestUrlFilter@37f71e8}, order = 10000], [GatewayFilterAdapter{delegate=org.springframework.cloud.gateway.config.GatewayNoLoadBalancerClientAutoConfiguration$NoLoadBalancerClientFilter@66fff42f}, order = 10150], [GatewayFilterAdapter{delegate=org.springframework.cloud.gateway.filter.WebsocketRoutingFilter@783f5f71}, order = 2147483646], [GatewayFilterAdapter{delegate=org.springframework.cloud.gateway.filter.NettyRoutingFilter@5606d537}, order = 2147483647], [GatewayFilterAdapter{delegate=org.springframework.cloud.gateway.filter.ForwardRoutingFilter@63b0b3dd}, order = 2147483647]]
2026-01-23T03:41:27.045+05:30  INFO 34921 --- [     parallel-2] c.s.a.filter.JwtAuthenticationFilter     : Processing request: GET /api/categories (normalized: /api/categories) - Checking if public path
2026-01-23T03:41:27.045+05:30  INFO 34921 --- [     parallel-2] c.s.a.filter.JwtAuthenticationFilter     : Protected path detected, checking authentication: /api/categories
2026-01-23T03:41:27.046+05:30  INFO 34921 --- [     parallel-2] c.s.a.filter.JwtAuthenticationFilter     : Authorization header for path /api/categories: missing
2026-01-23T03:41:27.046+05:30 DEBUG 34921 --- [     parallel-2] c.s.a.security.SimpleJwtTokenProvider    : Extracting token from header: null
2026-01-23T03:41:27.046+05:30  WARN 34921 --- [     parallel-2] c.s.a.security.SimpleJwtTokenProvider    : Invalid or missing Bearer token in header
2026-01-23T03:41:27.046+05:30  WARN 34921 --- [     parallel-2] c.s.a.filter.JwtAuthenticationFilter     : No valid token found for protected path: /api/categories
2026-01-23T03:41:27.046+05:30  WARN 34921 --- [     parallel-2] c.s.a.filter.JwtAuthenticationFilter     : Unauthorized access attempt: Missing or invalid authorization token
2026-01-23T03:41:27.067+05:30 DEBUG 34921 --- [     parallel-3] o.s.c.g.h.RoutePredicateHandlerMapping   : Route matched: productservice
2026-01-23T03:41:27.067+05:30 DEBUG 34921 --- [     parallel-3] o.s.c.g.h.RoutePredicateHandlerMapping   : Mapping [Exchange: GET http://localhost:8080/api/products] to Route{id='productservice', uri=http://localhost:8082, order=0, predicate=Paths: [/api/products/**], match trailing slash: true, gatewayFilters=[], metadata={}}
2026-01-23T03:41:27.067+05:30 DEBUG 34921 --- [     parallel-3] o.s.c.g.h.RoutePredicateHandlerMapping   : [d156b6ce-3] Mapped to org.springframework.cloud.gateway.handler.FilteringWebHandler@2cd27ab9
2026-01-23T03:41:27.067+05:30 DEBUG 34921 --- [     parallel-3] o.s.c.g.handler.FilteringWebHandler      : Sorted gatewayFilterFactories: [[GatewayFilterAdapter{delegate=org.springframework.cloud.gateway.filter.RemoveCachedBodyFilter@59831016}, order = -2147483648], [GatewayFilterAdapter{delegate=org.springframework.cloud.gateway.filter.AdaptCachedBodyGlobalFilter@4c114687}, order = -2147482648], [GatewayFilterAdapter{delegate=com.swachvega.apigateway.filter.JwtAuthenticationFilter@64e657b0}, order = -100], [GatewayFilterAdapter{delegate=com.swachvega.apigateway.security.MerchantApprovalEnforcementFilter@6c46dc02}, order = -85], [GatewayFilterAdapter{delegate=com.swachvega.apigateway.security.AdminEnforcementFilter@50013a15}, order = -80], [GatewayFilterAdapter{delegate=org.springframework.cloud.gateway.filter.NettyWriteResponseFilter@b5390}, order = -1], [GatewayFilterAdapter{delegate=org.springframework.cloud.gateway.filter.ForwardPathFilter@397dfbe8}, order = 0], [GatewayFilterAdapter{delegate=org.springframework.cloud.gateway.filter.GatewayMetricsFilter@3791af}, order = 0], [GatewayFilterAdapter{delegate=org.springframework.cloud.gateway.filter.RouteToRequestUrlFilter@37f71e8}, order = 10000], [GatewayFilterAdapter{delegate=org.springframework.cloud.gateway.config.GatewayNoLoadBalancerClientAutoConfiguration$NoLoadBalancerClientFilter@66fff42f}, order = 10150], [GatewayFilterAdapter{delegate=org.springframework.cloud.gateway.filter.WebsocketRoutingFilter@783f5f71}, order = 2147483646], [GatewayFilterAdapter{delegate=org.springframework.cloud.gateway.filter.NettyRoutingFilter@5606d537}, order = 2147483647], [GatewayFilterAdapter{delegate=org.springframework.cloud.gateway.filter.ForwardRoutingFilter@63b0b3dd}, order = 2147483647]]
2026-01-23T03:41:27.068+05:30  INFO 34921 --- [     parallel-3] c.s.a.filter.JwtAuthenticationFilter     : Processing request: GET /api/products (normalized: /api/products) - Checking if public path
2026-01-23T03:41:27.068+05:30  INFO 34921 --- [     parallel-3] c.s.a.filter.JwtAuthenticationFilter     : Protected path detected, checking authentication: /api/products
2026-01-23T03:41:27.068+05:30  INFO 34921 --- [     parallel-3] c.s.a.filter.JwtAuthenticationFilter     : Authorization header for path /api/products: missing
2026-01-23T03:41:27.068+05:30 DEBUG 34921 --- [     parallel-3] c.s.a.security.SimpleJwtTokenProvider    : Extracting token from header: null
2026-01-23T03:41:27.068+05:30  WARN 34921 --- [     parallel-3] c.s.a.security.SimpleJwtTokenProvider    : Invalid or missing Bearer token in header
2026-01-23T03:41:27.068+05:30  WARN 34921 --- [     parallel-3] c.s.a.filter.JwtAuthenticationFilter     : No valid token found for protected path: /api/products
2026-01-23T03:41:27.068+05:30  WARN 34921 --- [     parallel-3] c.s.a.filter.JwtAuthenticationFilter     : Unauthorized access attempt: Missing or invalid authorization token
2026-01-23T03:41:27.092+05:30 DEBUG 34921 --- [     parallel-4] o.s.c.g.h.RoutePredicateHandlerMapping   : Route matched: searchservice
2026-01-23T03:41:27.092+05:30 DEBUG 34921 --- [     parallel-4] o.s.c.g.h.RoutePredicateHandlerMapping   : Mapping [Exchange: GET http://localhost:8080/api/search/products?query=rice] to Route{id='searchservice', uri=http://localhost:8085, order=0, predicate=Paths: [/api/search/**], match trailing slash: true, gatewayFilters=[], metadata={}}
2026-01-23T03:41:27.092+05:30 DEBUG 34921 --- [     parallel-4] o.s.c.g.h.RoutePredicateHandlerMapping   : [741e7f71-4] Mapped to org.springframework.cloud.gateway.handler.FilteringWebHandler@2cd27ab9
2026-01-23T03:41:27.092+05:30 DEBUG 34921 --- [     parallel-4] o.s.c.g.handler.FilteringWebHandler      : Sorted gatewayFilterFactories: [[GatewayFilterAdapter{delegate=org.springframework.cloud.gateway.filter.RemoveCachedBodyFilter@59831016}, order = -2147483648], [GatewayFilterAdapter{delegate=org.springframework.cloud.gateway.filter.AdaptCachedBodyGlobalFilter@4c114687}, order = -2147482648], [GatewayFilterAdapter{delegate=com.swachvega.apigateway.filter.JwtAuthenticationFilter@64e657b0}, order = -100], [GatewayFilterAdapter{delegate=com.swachvega.apigateway.security.MerchantApprovalEnforcementFilter@6c46dc02}, order = -85], [GatewayFilterAdapter{delegate=com.swachvega.apigateway.security.AdminEnforcementFilter@50013a15}, order = -80], [GatewayFilterAdapter{delegate=org.springframework.cloud.gateway.filter.NettyWriteResponseFilter@b5390}, order = -1], [GatewayFilterAdapter{delegate=org.springframework.cloud.gateway.filter.ForwardPathFilter@397dfbe8}, order = 0], [GatewayFilterAdapter{delegate=org.springframework.cloud.gateway.filter.GatewayMetricsFilter@3791af}, order = 0], [GatewayFilterAdapter{delegate=org.springframework.cloud.gateway.filter.RouteToRequestUrlFilter@37f71e8}, order = 10000], [GatewayFilterAdapter{delegate=org.springframework.cloud.gateway.config.GatewayNoLoadBalancerClientAutoConfiguration$NoLoadBalancerClientFilter@66fff42f}, order = 10150], [GatewayFilterAdapter{delegate=org.springframework.cloud.gateway.filter.WebsocketRoutingFilter@783f5f71}, order = 2147483646], [GatewayFilterAdapter{delegate=org.springframework.cloud.gateway.filter.NettyRoutingFilter@5606d537}, order = 2147483647], [GatewayFilterAdapter{delegate=org.springframework.cloud.gateway.filter.ForwardRoutingFilter@63b0b3dd}, order = 2147483647]]
2026-01-23T03:41:27.092+05:30  INFO 34921 --- [     parallel-4] c.s.a.filter.JwtAuthenticationFilter     : Processing request: GET /api/search/products (normalized: /api/search/products) - Checking if public path
2026-01-23T03:41:27.092+05:30  INFO 34921 --- [     parallel-4] c.s.a.filter.JwtAuthenticationFilter     : Protected path detected, checking authentication: /api/search/products
2026-01-23T03:41:27.092+05:30  INFO 34921 --- [     parallel-4] c.s.a.filter.JwtAuthenticationFilter     : Authorization header for path /api/search/products: missing
2026-01-23T03:41:27.092+05:30 DEBUG 34921 --- [     parallel-4] c.s.a.security.SimpleJwtTokenProvider    : Extracting token from header: null
2026-01-23T03:41:27.092+05:30  WARN 34921 --- [     parallel-4] c.s.a.security.SimpleJwtTokenProvider    : Invalid or missing Bearer token in header
2026-01-23T03:41:27.093+05:30  WARN 34921 --- [     parallel-4] c.s.a.filter.JwtAuthenticationFilter     : No valid token found for protected path: /api/search/products
2026-01-23T03:41:27.093+05:30  WARN 34921 --- [     parallel-4] c.s.a.filter.JwtAuthenticationFilter     : Unauthorized access attempt: Missing or invalid authorization token
2026-01-23T03:41:27.115+05:30 DEBUG 34921 --- [     parallel-5] o.s.c.g.h.RoutePredicateHandlerMapping   : Route matched: userservice
2026-01-23T03:41:27.115+05:30 DEBUG 34921 --- [     parallel-5] o.s.c.g.h.RoutePredicateHandlerMapping   : Mapping [Exchange: GET http://localhost:8080/api/users/profile] to Route{id='userservice', uri=http://localhost:8081, order=0, predicate=Paths: [/api/users/**], match trailing slash: true, gatewayFilters=[], metadata={}}
2026-01-23T03:41:27.115+05:30 DEBUG 34921 --- [     parallel-5] o.s.c.g.h.RoutePredicateHandlerMapping   : [6d77594b-5] Mapped to org.springframework.cloud.gateway.handler.FilteringWebHandler@2cd27ab9
2026-01-23T03:41:27.115+05:30 DEBUG 34921 --- [     parallel-5] o.s.c.g.handler.FilteringWebHandler      : Sorted gatewayFilterFactories: [[GatewayFilterAdapter{delegate=org.springframework.cloud.gateway.filter.RemoveCachedBodyFilter@59831016}, order = -2147483648], [GatewayFilterAdapter{delegate=org.springframework.cloud.gateway.filter.AdaptCachedBodyGlobalFilter@4c114687}, order = -2147482648], [GatewayFilterAdapter{delegate=com.swachvega.apigateway.filter.JwtAuthenticationFilter@64e657b0}, order = -100], [GatewayFilterAdapter{delegate=com.swachvega.apigateway.security.MerchantApprovalEnforcementFilter@6c46dc02}, order = -85], [GatewayFilterAdapter{delegate=com.swachvega.apigateway.security.AdminEnforcementFilter@50013a15}, order = -80], [GatewayFilterAdapter{delegate=org.springframework.cloud.gateway.filter.NettyWriteResponseFilter@b5390}, order = -1], [GatewayFilterAdapter{delegate=org.springframework.cloud.gateway.filter.ForwardPathFilter@397dfbe8}, order = 0], [GatewayFilterAdapter{delegate=org.springframework.cloud.gateway.filter.GatewayMetricsFilter@3791af}, order = 0], [GatewayFilterAdapter{delegate=org.springframework.cloud.gateway.filter.RouteToRequestUrlFilter@37f71e8}, order = 10000], [GatewayFilterAdapter{delegate=org.springframework.cloud.gateway.config.GatewayNoLoadBalancerClientAutoConfiguration$NoLoadBalancerClientFilter@66fff42f}, order = 10150], [GatewayFilterAdapter{delegate=org.springframework.cloud.gateway.filter.WebsocketRoutingFilter@783f5f71}, order = 2147483646], [GatewayFilterAdapter{delegate=org.springframework.cloud.gateway.filter.NettyRoutingFilter@5606d537}, order = 2147483647], [GatewayFilterAdapter{delegate=org.springframework.cloud.gateway.filter.ForwardRoutingFilter@63b0b3dd}, order = 2147483647]]
2026-01-23T03:41:27.115+05:30  INFO 34921 --- [     parallel-5] c.s.a.filter.JwtAuthenticationFilter     : Processing request: GET /api/users/profile (normalized: /api/users/profile) - Checking if public path
2026-01-23T03:41:27.115+05:30  INFO 34921 --- [     parallel-5] c.s.a.filter.JwtAuthenticationFilter     : Protected path detected, checking authentication: /api/users/profile
2026-01-23T03:41:27.115+05:30  INFO 34921 --- [     parallel-5] c.s.a.filter.JwtAuthenticationFilter     : Authorization header for path /api/users/profile: missing
2026-01-23T03:41:27.115+05:30 DEBUG 34921 --- [     parallel-5] c.s.a.security.SimpleJwtTokenProvider    : Extracting token from header: null
2026-01-23T03:41:27.115+05:30  WARN 34921 --- [     parallel-5] c.s.a.security.SimpleJwtTokenProvider    : Invalid or missing Bearer token in header
2026-01-23T03:41:27.115+05:30  WARN 34921 --- [     parallel-5] c.s.a.filter.JwtAuthenticationFilter     : No valid token found for protected path: /api/users/profile
2026-01-23T03:41:27.115+05:30  WARN 34921 --- [     parallel-5] c.s.a.filter.JwtAuthenticationFilter     : Unauthorized access attempt: Missing or invalid authorization token
2026-01-23T03:41:27.138+05:30 DEBUG 34921 --- [     parallel-6] o.s.c.g.h.RoutePredicateHandlerMapping   : Route matched: userservice
2026-01-23T03:41:27.138+05:30 DEBUG 34921 --- [     parallel-6] o.s.c.g.h.RoutePredicateHandlerMapping   : Mapping [Exchange: GET http://localhost:8080/api/users/addresses] to Route{id='userservice', uri=http://localhost:8081, order=0, predicate=Paths: [/api/users/**], match trailing slash: true, gatewayFilters=[], metadata={}}
2026-01-23T03:41:27.138+05:30 DEBUG 34921 --- [     parallel-6] o.s.c.g.h.RoutePredicateHandlerMapping   : [1d7ead31-6] Mapped to org.springframework.cloud.gateway.handler.FilteringWebHandler@2cd27ab9
2026-01-23T03:41:27.138+05:30 DEBUG 34921 --- [     parallel-6] o.s.c.g.handler.FilteringWebHandler      : Sorted gatewayFilterFactories: [[GatewayFilterAdapter{delegate=org.springframework.cloud.gateway.filter.RemoveCachedBodyFilter@59831016}, order = -2147483648], [GatewayFilterAdapter{delegate=org.springframework.cloud.gateway.filter.AdaptCachedBodyGlobalFilter@4c114687}, order = -2147482648], [GatewayFilterAdapter{delegate=com.swachvega.apigateway.filter.JwtAuthenticationFilter@64e657b0}, order = -100], [GatewayFilterAdapter{delegate=com.swachvega.apigateway.security.MerchantApprovalEnforcementFilter@6c46dc02}, order = -85], [GatewayFilterAdapter{delegate=com.swachvega.apigateway.security.AdminEnforcementFilter@50013a15}, order = -80], [GatewayFilterAdapter{delegate=org.springframework.cloud.gateway.filter.NettyWriteResponseFilter@b5390}, order = -1], [GatewayFilterAdapter{delegate=org.springframework.cloud.gateway.filter.ForwardPathFilter@397dfbe8}, order = 0], [GatewayFilterAdapter{delegate=org.springframework.cloud.gateway.filter.GatewayMetricsFilter@3791af}, order = 0], [GatewayFilterAdapter{delegate=org.springframework.cloud.gateway.filter.RouteToRequestUrlFilter@37f71e8}, order = 10000], [GatewayFilterAdapter{delegate=org.springframework.cloud.gateway.config.GatewayNoLoadBalancerClientAutoConfiguration$NoLoadBalancerClientFilter@66fff42f}, order = 10150], [GatewayFilterAdapter{delegate=org.springframework.cloud.gateway.filter.WebsocketRoutingFilter@783f5f71}, order = 2147483646], [GatewayFilterAdapter{delegate=org.springframework.cloud.gateway.filter.NettyRoutingFilter@5606d537}, order = 2147483647], [GatewayFilterAdapter{delegate=org.springframework.cloud.gateway.filter.ForwardRoutingFilter@63b0b3dd}, order = 2147483647]]
2026-01-23T03:41:27.139+05:30  INFO 34921 --- [     parallel-6] c.s.a.filter.JwtAuthenticationFilter     : Processing request: GET /api/users/addresses (normalized: /api/users/addresses) - Checking if public path
2026-01-23T03:41:27.140+05:30  INFO 34921 --- [     parallel-6] c.s.a.filter.JwtAuthenticationFilter     : Protected path detected, checking authentication: /api/users/addresses
2026-01-23T03:41:27.140+05:30  INFO 34921 --- [     parallel-6] c.s.a.filter.JwtAuthenticationFilter     : Authorization header for path /api/users/addresses: missing
2026-01-23T03:41:27.140+05:30 DEBUG 34921 --- [     parallel-6] c.s.a.security.SimpleJwtTokenProvider    : Extracting token from header: null
2026-01-23T03:41:27.140+05:30  WARN 34921 --- [     parallel-6] c.s.a.security.SimpleJwtTokenProvider    : Invalid or missing Bearer token in header
2026-01-23T03:41:27.140+05:30  WARN 34921 --- [     parallel-6] c.s.a.filter.JwtAuthenticationFilter     : No valid token found for protected path: /api/users/addresses
2026-01-23T03:41:27.140+05:30  WARN 34921 --- [     parallel-6] c.s.a.filter.JwtAuthenticationFilter     : Unauthorized access attempt: Missing or invalid authorization token
2026-01-23T03:41:27.158+05:30 DEBUG 34921 --- [     parallel-7] o.s.c.g.h.RoutePredicateHandlerMapping   : Route matched: merchantservice
2026-01-23T03:41:27.158+05:30 DEBUG 34921 --- [     parallel-7] o.s.c.g.h.RoutePredicateHandlerMapping   : Mapping [Exchange: GET http://localhost:8080/api/merchant/registration/status] to Route{id='merchantservice', uri=http://localhost:8089, order=0, predicate=Paths: [/api/merchant/**], match trailing slash: true, gatewayFilters=[], metadata={}}
2026-01-23T03:41:27.158+05:30 DEBUG 34921 --- [     parallel-7] o.s.c.g.h.RoutePredicateHandlerMapping   : [80da6b81-7] Mapped to org.springframework.cloud.gateway.handler.FilteringWebHandler@2cd27ab9
2026-01-23T03:41:27.158+05:30 DEBUG 34921 --- [     parallel-7] o.s.c.g.handler.FilteringWebHandler      : Sorted gatewayFilterFactories: [[GatewayFilterAdapter{delegate=org.springframework.cloud.gateway.filter.RemoveCachedBodyFilter@59831016}, order = -2147483648], [GatewayFilterAdapter{delegate=org.springframework.cloud.gateway.filter.AdaptCachedBodyGlobalFilter@4c114687}, order = -2147482648], [GatewayFilterAdapter{delegate=com.swachvega.apigateway.filter.JwtAuthenticationFilter@64e657b0}, order = -100], [GatewayFilterAdapter{delegate=com.swachvega.apigateway.security.MerchantApprovalEnforcementFilter@6c46dc02}, order = -85], [GatewayFilterAdapter{delegate=com.swachvega.apigateway.security.AdminEnforcementFilter@50013a15}, order = -80], [GatewayFilterAdapter{delegate=org.springframework.cloud.gateway.filter.NettyWriteResponseFilter@b5390}, order = -1], [GatewayFilterAdapter{delegate=org.springframework.cloud.gateway.filter.ForwardPathFilter@397dfbe8}, order = 0], [GatewayFilterAdapter{delegate=org.springframework.cloud.gateway.filter.GatewayMetricsFilter@3791af}, order = 0], [GatewayFilterAdapter{delegate=org.springframework.cloud.gateway.filter.RouteToRequestUrlFilter@37f71e8}, order = 10000], [GatewayFilterAdapter{delegate=org.springframework.cloud.gateway.config.GatewayNoLoadBalancerClientAutoConfiguration$NoLoadBalancerClientFilter@66fff42f}, order = 10150], [GatewayFilterAdapter{delegate=org.springframework.cloud.gateway.filter.WebsocketRoutingFilter@783f5f71}, order = 2147483646], [GatewayFilterAdapter{delegate=org.springframework.cloud.gateway.filter.NettyRoutingFilter@5606d537}, order = 2147483647], [GatewayFilterAdapter{delegate=org.springframework.cloud.gateway.filter.ForwardRoutingFilter@63b0b3dd}, order = 2147483647]]
2026-01-23T03:41:27.158+05:30  INFO 34921 --- [     parallel-7] c.s.a.filter.JwtAuthenticationFilter     : Processing request: GET /api/merchant/registration/status (normalized: /api/merchant/registration/status) - Checking if public path
2026-01-23T03:41:27.158+05:30  INFO 34921 --- [     parallel-7] c.s.a.filter.JwtAuthenticationFilter     : Protected path detected, checking authentication: /api/merchant/registration/status
2026-01-23T03:41:27.158+05:30  INFO 34921 --- [     parallel-7] c.s.a.filter.JwtAuthenticationFilter     : Authorization header for path /api/merchant/registration/status: missing
2026-01-23T03:41:27.158+05:30 DEBUG 34921 --- [     parallel-7] c.s.a.security.SimpleJwtTokenProvider    : Extracting token from header: null
2026-01-23T03:41:27.158+05:30  WARN 34921 --- [     parallel-7] c.s.a.security.SimpleJwtTokenProvider    : Invalid or missing Bearer token in header
2026-01-23T03:41:27.158+05:30  WARN 34921 --- [     parallel-7] c.s.a.filter.JwtAuthenticationFilter     : No valid token found for protected path: /api/merchant/registration/status
2026-01-23T03:41:27.158+05:30  WARN 34921 --- [     parallel-7] c.s.a.filter.JwtAuthenticationFilter     : Unauthorized access attempt: Missing or invalid authorization token
2026-01-23T03:41:27.182+05:30 DEBUG 34921 --- [     parallel-8] o.s.c.g.h.RoutePredicateHandlerMapping   : Route matched: cartservice
2026-01-23T03:41:27.182+05:30 DEBUG 34921 --- [     parallel-8] o.s.c.g.h.RoutePredicateHandlerMapping   : Mapping [Exchange: GET http://localhost:8080/api/cart] to Route{id='cartservice', uri=http://localhost:8088, order=0, predicate=Paths: [/api/cart/**], match trailing slash: true, gatewayFilters=[], metadata={}}
2026-01-23T03:41:27.182+05:30 DEBUG 34921 --- [     parallel-8] o.s.c.g.h.RoutePredicateHandlerMapping   : [3b1eb34d-8] Mapped to org.springframework.cloud.gateway.handler.FilteringWebHandler@2cd27ab9
2026-01-23T03:41:27.183+05:30 DEBUG 34921 --- [     parallel-8] o.s.c.g.handler.FilteringWebHandler      : Sorted gatewayFilterFactories: [[GatewayFilterAdapter{delegate=org.springframework.cloud.gateway.filter.RemoveCachedBodyFilter@59831016}, order = -2147483648], [GatewayFilterAdapter{delegate=org.springframework.cloud.gateway.filter.AdaptCachedBodyGlobalFilter@4c114687}, order = -2147482648], [GatewayFilterAdapter{delegate=com.swachvega.apigateway.filter.JwtAuthenticationFilter@64e657b0}, order = -100], [GatewayFilterAdapter{delegate=com.swachvega.apigateway.security.MerchantApprovalEnforcementFilter@6c46dc02}, order = -85], [GatewayFilterAdapter{delegate=com.swachvega.apigateway.security.AdminEnforcementFilter@50013a15}, order = -80], [GatewayFilterAdapter{delegate=org.springframework.cloud.gateway.filter.NettyWriteResponseFilter@b5390}, order = -1], [GatewayFilterAdapter{delegate=org.springframework.cloud.gateway.filter.ForwardPathFilter@397dfbe8}, order = 0], [GatewayFilterAdapter{delegate=org.springframework.cloud.gateway.filter.GatewayMetricsFilter@3791af}, order = 0], [GatewayFilterAdapter{delegate=org.springframework.cloud.gateway.filter.RouteToRequestUrlFilter@37f71e8}, order = 10000], [GatewayFilterAdapter{delegate=org.springframework.cloud.gateway.config.GatewayNoLoadBalancerClientAutoConfiguration$NoLoadBalancerClientFilter@66fff42f}, order = 10150], [GatewayFilterAdapter{delegate=org.springframework.cloud.gateway.filter.WebsocketRoutingFilter@783f5f71}, order = 2147483646], [GatewayFilterAdapter{delegate=org.springframework.cloud.gateway.filter.NettyRoutingFilter@5606d537}, order = 2147483647], [GatewayFilterAdapter{delegate=org.springframework.cloud.gateway.filter.ForwardRoutingFilter@63b0b3dd}, order = 2147483647]]
2026-01-23T03:41:27.183+05:30  INFO 34921 --- [     parallel-8] c.s.a.filter.JwtAuthenticationFilter     : Processing request: GET /api/cart (normalized: /api/cart) - Checking if public path
2026-01-23T03:41:27.183+05:30  INFO 34921 --- [     parallel-8] c.s.a.filter.JwtAuthenticationFilter     : Protected path detected, checking authentication: /api/cart
2026-01-23T03:41:27.183+05:30  INFO 34921 --- [     parallel-8] c.s.a.filter.JwtAuthenticationFilter     : Authorization header for path /api/cart: missing
2026-01-23T03:41:27.183+05:30 DEBUG 34921 --- [     parallel-8] c.s.a.security.SimpleJwtTokenProvider    : Extracting token from header: null
2026-01-23T03:41:27.183+05:30  WARN 34921 --- [     parallel-8] c.s.a.security.SimpleJwtTokenProvider    : Invalid or missing Bearer token in header
2026-01-23T03:41:27.183+05:30  WARN 34921 --- [     parallel-8] c.s.a.filter.JwtAuthenticationFilter     : No valid token found for protected path: /api/cart
2026-01-23T03:41:27.183+05:30  WARN 34921 --- [     parallel-8] c.s.a.filter.JwtAuthenticationFilter     : Unauthorized access attempt: Missing or invalid authorization token
2026-01-23T03:41:27.204+05:30 DEBUG 34921 --- [     parallel-1] o.s.c.g.h.RoutePredicateHandlerMapping   : Route matched: orderservice
2026-01-23T03:41:27.204+05:30 DEBUG 34921 --- [     parallel-1] o.s.c.g.h.RoutePredicateHandlerMapping   : Mapping [Exchange: GET http://localhost:8080/api/orders] to Route{id='orderservice', uri=http://localhost:8086, order=0, predicate=Paths: [/api/orders/**, /api/trends/**], match trailing slash: true, gatewayFilters=[], metadata={}}
2026-01-23T03:41:27.205+05:30 DEBUG 34921 --- [     parallel-1] o.s.c.g.h.RoutePredicateHandlerMapping   : [38217e44-9] Mapped to org.springframework.cloud.gateway.handler.FilteringWebHandler@2cd27ab9
2026-01-23T03:41:27.205+05:30 DEBUG 34921 --- [     parallel-1] o.s.c.g.handler.FilteringWebHandler      : Sorted gatewayFilterFactories: [[GatewayFilterAdapter{delegate=org.springframework.cloud.gateway.filter.RemoveCachedBodyFilter@59831016}, order = -2147483648], [GatewayFilterAdapter{delegate=org.springframework.cloud.gateway.filter.AdaptCachedBodyGlobalFilter@4c114687}, order = -2147482648], [GatewayFilterAdapter{delegate=com.swachvega.apigateway.filter.JwtAuthenticationFilter@64e657b0}, order = -100], [GatewayFilterAdapter{delegate=com.swachvega.apigateway.security.MerchantApprovalEnforcementFilter@6c46dc02}, order = -85], [GatewayFilterAdapter{delegate=com.swachvega.apigateway.security.AdminEnforcementFilter@50013a15}, order = -80], [GatewayFilterAdapter{delegate=org.springframework.cloud.gateway.filter.NettyWriteResponseFilter@b5390}, order = -1], [GatewayFilterAdapter{delegate=org.springframework.cloud.gateway.filter.ForwardPathFilter@397dfbe8}, order = 0], [GatewayFilterAdapter{delegate=org.springframework.cloud.gateway.filter.GatewayMetricsFilter@3791af}, order = 0], [GatewayFilterAdapter{delegate=org.springframework.cloud.gateway.filter.RouteToRequestUrlFilter@37f71e8}, order = 10000], [GatewayFilterAdapter{delegate=org.springframework.cloud.gateway.config.GatewayNoLoadBalancerClientAutoConfiguration$NoLoadBalancerClientFilter@66fff42f}, order = 10150], [GatewayFilterAdapter{delegate=org.springframework.cloud.gateway.filter.WebsocketRoutingFilter@783f5f71}, order = 2147483646], [GatewayFilterAdapter{delegate=org.springframework.cloud.gateway.filter.NettyRoutingFilter@5606d537}, order = 2147483647], [GatewayFilterAdapter{delegate=org.springframework.cloud.gateway.filter.ForwardRoutingFilter@63b0b3dd}, order = 2147483647]]
2026-01-23T03:41:27.205+05:30  INFO 34921 --- [     parallel-1] c.s.a.filter.JwtAuthenticationFilter     : Processing request: GET /api/orders (normalized: /api/orders) - Checking if public path
2026-01-23T03:41:27.205+05:30  INFO 34921 --- [     parallel-1] c.s.a.filter.JwtAuthenticationFilter     : Protected path detected, checking authentication: /api/orders
2026-01-23T03:41:27.205+05:30  INFO 34921 --- [     parallel-1] c.s.a.filter.JwtAuthenticationFilter     : Authorization header for path /api/orders: missing
2026-01-23T03:41:27.205+05:30 DEBUG 34921 --- [     parallel-1] c.s.a.security.SimpleJwtTokenProvider    : Extracting token from header: null
2026-01-23T03:41:27.205+05:30  WARN 34921 --- [     parallel-1] c.s.a.security.SimpleJwtTokenProvider    : Invalid or missing Bearer token in header
2026-01-23T03:41:27.205+05:30  WARN 34921 --- [     parallel-1] c.s.a.filter.JwtAuthenticationFilter     : No valid token found for protected path: /api/orders
2026-01-23T03:41:27.205+05:30  WARN 34921 --- [     parallel-1] c.s.a.filter.JwtAuthenticationFilter     : Unauthorized access attempt: Missing or invalid authorization token
2026-01-23T03:41:27.234+05:30 DEBUG 34921 --- [     parallel-2] o.s.c.g.h.RoutePredicateHandlerMapping   : Route matched: orderservice
2026-01-23T03:41:27.235+05:30 DEBUG 34921 --- [     parallel-2] o.s.c.g.h.RoutePredicateHandlerMapping   : Mapping [Exchange: GET http://localhost:8080/api/trends/products] to Route{id='orderservice', uri=http://localhost:8086, order=0, predicate=Paths: [/api/orders/**, /api/trends/**], match trailing slash: true, gatewayFilters=[], metadata={}}
2026-01-23T03:41:27.235+05:30 DEBUG 34921 --- [     parallel-2] o.s.c.g.h.RoutePredicateHandlerMapping   : [f8921df4-10] Mapped to org.springframework.cloud.gateway.handler.FilteringWebHandler@2cd27ab9
2026-01-23T03:41:27.235+05:30 DEBUG 34921 --- [     parallel-2] o.s.c.g.handler.FilteringWebHandler      : Sorted gatewayFilterFactories: [[GatewayFilterAdapter{delegate=org.springframework.cloud.gateway.filter.RemoveCachedBodyFilter@59831016}, order = -2147483648], [GatewayFilterAdapter{delegate=org.springframework.cloud.gateway.filter.AdaptCachedBodyGlobalFilter@4c114687}, order = -2147482648], [GatewayFilterAdapter{delegate=com.swachvega.apigateway.filter.JwtAuthenticationFilter@64e657b0}, order = -100], [GatewayFilterAdapter{delegate=com.swachvega.apigateway.security.MerchantApprovalEnforcementFilter@6c46dc02}, order = -85], [GatewayFilterAdapter{delegate=com.swachvega.apigateway.security.AdminEnforcementFilter@50013a15}, order = -80], [GatewayFilterAdapter{delegate=org.springframework.cloud.gateway.filter.NettyWriteResponseFilter@b5390}, order = -1], [GatewayFilterAdapter{delegate=org.springframework.cloud.gateway.filter.ForwardPathFilter@397dfbe8}, order = 0], [GatewayFilterAdapter{delegate=org.springframework.cloud.gateway.filter.GatewayMetricsFilter@3791af}, order = 0], [GatewayFilterAdapter{delegate=org.springframework.cloud.gateway.filter.RouteToRequestUrlFilter@37f71e8}, order = 10000], [GatewayFilterAdapter{delegate=org.springframework.cloud.gateway.config.GatewayNoLoadBalancerClientAutoConfiguration$NoLoadBalancerClientFilter@66fff42f}, order = 10150], [GatewayFilterAdapter{delegate=org.springframework.cloud.gateway.filter.WebsocketRoutingFilter@783f5f71}, order = 2147483646], [GatewayFilterAdapter{delegate=org.springframework.cloud.gateway.filter.NettyRoutingFilter@5606d537}, order = 2147483647], [GatewayFilterAdapter{delegate=org.springframework.cloud.gateway.filter.ForwardRoutingFilter@63b0b3dd}, order = 2147483647]]
2026-01-23T03:41:27.235+05:30  INFO 34921 --- [     parallel-2] c.s.a.filter.JwtAuthenticationFilter     : Processing request: GET /api/trends/products (normalized: /api/trends/products) - Checking if public path
2026-01-23T03:41:27.235+05:30  INFO 34921 --- [     parallel-2] c.s.a.filter.JwtAuthenticationFilter     : Protected path detected, checking authentication: /api/trends/products
2026-01-23T03:41:27.235+05:30  INFO 34921 --- [     parallel-2] c.s.a.filter.JwtAuthenticationFilter     : Authorization header for path /api/trends/products: missing
2026-01-23T03:41:27.235+05:30 DEBUG 34921 --- [     parallel-2] c.s.a.security.SimpleJwtTokenProvider    : Extracting token from header: null
2026-01-23T03:41:27.235+05:30  WARN 34921 --- [     parallel-2] c.s.a.security.SimpleJwtTokenProvider    : Invalid or missing Bearer token in header
2026-01-23T03:41:27.236+05:30  WARN 34921 --- [     parallel-2] c.s.a.filter.JwtAuthenticationFilter     : No valid token found for protected path: /api/trends/products
2026-01-23T03:41:27.236+05:30  WARN 34921 --- [     parallel-2] c.s.a.filter.JwtAuthenticationFilter     : Unauthorized access attempt: Missing or invalid authorization token
2026-01-23T03:41:27.296+05:30 DEBUG 34921 --- [     parallel-4] o.s.c.g.h.RoutePredicateHandlerMapping   : Route matched: userservice-api-docs
2026-01-23T03:41:27.301+05:30 DEBUG 34921 --- [     parallel-4] o.s.c.g.h.RoutePredicateHandlerMapping   : Mapping [Exchange: GET http://localhost:8080/userservice/v3/api-docs] to Route{id='userservice-api-docs', uri=http://localhost:8081, order=0, predicate=Paths: [/userservice/v3/api-docs/**], match trailing slash: true, gatewayFilters=[[[RewritePath /userservice/v3/api-docs/(?<segment>.*) = '/v3/api-docs/${segment}'], order = 1]], metadata={}}
2026-01-23T03:41:27.302+05:30 DEBUG 34921 --- [     parallel-4] o.s.c.g.h.RoutePredicateHandlerMapping   : [fc234f80-12] Mapped to org.springframework.cloud.gateway.handler.FilteringWebHandler@2cd27ab9
2026-01-23T03:41:27.302+05:30 DEBUG 34921 --- [     parallel-4] o.s.c.g.handler.FilteringWebHandler      : Sorted gatewayFilterFactories: [[GatewayFilterAdapter{delegate=org.springframework.cloud.gateway.filter.RemoveCachedBodyFilter@59831016}, order = -2147483648], [GatewayFilterAdapter{delegate=org.springframework.cloud.gateway.filter.AdaptCachedBodyGlobalFilter@4c114687}, order = -2147482648], [GatewayFilterAdapter{delegate=com.swachvega.apigateway.filter.JwtAuthenticationFilter@64e657b0}, order = -100], [GatewayFilterAdapter{delegate=com.swachvega.apigateway.security.MerchantApprovalEnforcementFilter@6c46dc02}, order = -85], [GatewayFilterAdapter{delegate=com.swachvega.apigateway.security.AdminEnforcementFilter@50013a15}, order = -80], [GatewayFilterAdapter{delegate=org.springframework.cloud.gateway.filter.NettyWriteResponseFilter@b5390}, order = -1], [GatewayFilterAdapter{delegate=org.springframework.cloud.gateway.filter.ForwardPathFilter@397dfbe8}, order = 0], [GatewayFilterAdapter{delegate=org.springframework.cloud.gateway.filter.GatewayMetricsFilter@3791af}, order = 0], [[RewritePath /userservice/v3/api-docs/(?<segment>.*) = '/v3/api-docs/${segment}'], order = 1], [GatewayFilterAdapter{delegate=org.springframework.cloud.gateway.filter.RouteToRequestUrlFilter@37f71e8}, order = 10000], [GatewayFilterAdapter{delegate=org.springframework.cloud.gateway.config.GatewayNoLoadBalancerClientAutoConfiguration$NoLoadBalancerClientFilter@66fff42f}, order = 10150], [GatewayFilterAdapter{delegate=org.springframework.cloud.gateway.filter.WebsocketRoutingFilter@783f5f71}, order = 2147483646], [GatewayFilterAdapter{delegate=org.springframework.cloud.gateway.filter.NettyRoutingFilter@5606d537}, order = 2147483647], [GatewayFilterAdapter{delegate=org.springframework.cloud.gateway.filter.ForwardRoutingFilter@63b0b3dd}, order = 2147483647]]
2026-01-23T03:41:27.302+05:30  INFO 34921 --- [     parallel-4] c.s.a.filter.JwtAuthenticationFilter     : Processing request: GET /userservice/v3/api-docs (normalized: /userservice/v3/api-docs) - Checking if public path
2026-01-23T03:41:27.302+05:30  INFO 34921 --- [     parallel-4] c.s.a.filter.JwtAuthenticationFilter     : Public path detected, skipping authentication: /userservice/v3/api-docs
2026-01-23T03:41:27.323+05:30 DEBUG 34921 --- [     parallel-4] g.f.h.o.ObservedRequestHttpHeadersFilter : Will instrument the HTTP request headers [Host:"localhost:8080", User-Agent:"curl/8.7.1", Accept:"*/*", Forwarded:"proto=http;host="localhost:8080";for="[0:0:0:0:0:0:0:1]:52344"", X-Forwarded-For:"0:0:0:0:0:0:0:1", X-Forwarded-Proto:"http", X-Forwarded-Port:"8080", X-Forwarded-Host:"localhost:8080"]
2026-01-23T03:41:27.328+05:30 DEBUG 34921 --- [     parallel-4] g.f.h.o.ObservedRequestHttpHeadersFilter : Client observation  {name=http.client.requests(null), error=null, context=name='http.client.requests', contextualName='null', error='null', lowCardinalityKeyValues=[http.method='GET', http.status_code='UNKNOWN', spring.cloud.gateway.route.id='userservice-api-docs', spring.cloud.gateway.route.uri='http://localhost:8081'], highCardinalityKeyValues=[http.uri='http://localhost:8080/userservice/v3/api-docs'], map=[class io.micrometer.core.instrument.Timer$Sample='io.micrometer.core.instrument.Timer$Sample@13b163b8', class io.micrometer.core.instrument.LongTaskTimer$Sample='SampleImpl{duration(seconds)=0.001491458, duration(nanos)=1491458.0, startTimeNanos=88744033982458}'], parentObservation=org.springframework.security.web.server.ObservationWebFilterChainDecorator$PhasedObservation@6697db77} created for the request. New headers are [Host:"localhost:8080", User-Agent:"curl/8.7.1", Accept:"*/*", Forwarded:"proto=http;host="localhost:8080";for="[0:0:0:0:0:0:0:1]:52344"", X-Forwarded-For:"0:0:0:0:0:0:0:1", X-Forwarded-Proto:"http", X-Forwarded-Port:"8080", X-Forwarded-Host:"localhost:8080"]
2026-01-23T03:41:27.625+05:30 DEBUG 34921 --- [ctor-http-nio-8] .f.h.o.ObservedResponseHttpHeadersFilter : Will instrument the response
2026-01-23T03:41:27.626+05:30 DEBUG 34921 --- [ctor-http-nio-8] .f.h.o.ObservedResponseHttpHeadersFilter : The response was handled for observation {name=http.client.requests(null), error=null, context=name='http.client.requests', contextualName='null', error='null', lowCardinalityKeyValues=[http.method='GET', http.status_code='UNKNOWN', spring.cloud.gateway.route.id='userservice-api-docs', spring.cloud.gateway.route.uri='http://localhost:8081'], highCardinalityKeyValues=[http.uri='http://localhost:8080/userservice/v3/api-docs'], map=[class io.micrometer.core.instrument.Timer$Sample='io.micrometer.core.instrument.Timer$Sample@13b163b8', class io.micrometer.core.instrument.LongTaskTimer$Sample='SampleImpl{duration(seconds)=0.298839167, duration(nanos)=2.98839167E8, startTimeNanos=88744033982458}'], parentObservation=org.springframework.security.web.server.ObservationWebFilterChainDecorator$PhasedObservation@6697db77}
2026-01-23T03:41:27.659+05:30 DEBUG 34921 --- [     parallel-7] o.s.c.g.h.RoutePredicateHandlerMapping   : Route matched: productservice-api-docs
2026-01-23T03:41:27.660+05:30 DEBUG 34921 --- [     parallel-7] o.s.c.g.h.RoutePredicateHandlerMapping   : Mapping [Exchange: GET http://localhost:8080/productservice/v3/api-docs] to Route{id='productservice-api-docs', uri=http://localhost:8082, order=0, predicate=Paths: [/productservice/v3/api-docs/**], match trailing slash: true, gatewayFilters=[[[RewritePath /productservice/v3/api-docs/(?<segment>.*) = '/v3/api-docs/${segment}'], order = 1]], metadata={}}
2026-01-23T03:41:27.660+05:30 DEBUG 34921 --- [     parallel-7] o.s.c.g.h.RoutePredicateHandlerMapping   : [6e90d756-13] Mapped to org.springframework.cloud.gateway.handler.FilteringWebHandler@2cd27ab9
2026-01-23T03:41:27.660+05:30 DEBUG 34921 --- [     parallel-7] o.s.c.g.handler.FilteringWebHandler      : Sorted gatewayFilterFactories: [[GatewayFilterAdapter{delegate=org.springframework.cloud.gateway.filter.RemoveCachedBodyFilter@59831016}, order = -2147483648], [GatewayFilterAdapter{delegate=org.springframework.cloud.gateway.filter.AdaptCachedBodyGlobalFilter@4c114687}, order = -2147482648], [GatewayFilterAdapter{delegate=com.swachvega.apigateway.filter.JwtAuthenticationFilter@64e657b0}, order = -100], [GatewayFilterAdapter{delegate=com.swachvega.apigateway.security.MerchantApprovalEnforcementFilter@6c46dc02}, order = -85], [GatewayFilterAdapter{delegate=com.swachvega.apigateway.security.AdminEnforcementFilter@50013a15}, order = -80], [GatewayFilterAdapter{delegate=org.springframework.cloud.gateway.filter.NettyWriteResponseFilter@b5390}, order = -1], [GatewayFilterAdapter{delegate=org.springframework.cloud.gateway.filter.ForwardPathFilter@397dfbe8}, order = 0], [GatewayFilterAdapter{delegate=org.springframework.cloud.gateway.filter.GatewayMetricsFilter@3791af}, order = 0], [[RewritePath /productservice/v3/api-docs/(?<segment>.*) = '/v3/api-docs/${segment}'], order = 1], [GatewayFilterAdapter{delegate=org.springframework.cloud.gateway.filter.RouteToRequestUrlFilter@37f71e8}, order = 10000], [GatewayFilterAdapter{delegate=org.springframework.cloud.gateway.config.GatewayNoLoadBalancerClientAutoConfiguration$NoLoadBalancerClientFilter@66fff42f}, order = 10150], [GatewayFilterAdapter{delegate=org.springframework.cloud.gateway.filter.WebsocketRoutingFilter@783f5f71}, order = 2147483646], [GatewayFilterAdapter{delegate=org.springframework.cloud.gateway.filter.NettyRoutingFilter@5606d537}, order = 2147483647], [GatewayFilterAdapter{delegate=org.springframework.cloud.gateway.filter.ForwardRoutingFilter@63b0b3dd}, order = 2147483647]]
2026-01-23T03:41:27.660+05:30  INFO 34921 --- [     parallel-7] c.s.a.filter.JwtAuthenticationFilter     : Processing request: GET /productservice/v3/api-docs (normalized: /productservice/v3/api-docs) - Checking if public path
2026-01-23T03:41:27.660+05:30  INFO 34921 --- [     parallel-7] c.s.a.filter.JwtAuthenticationFilter     : Public path detected, skipping authentication: /productservice/v3/api-docs
2026-01-23T03:41:27.660+05:30 DEBUG 34921 --- [     parallel-7] g.f.h.o.ObservedRequestHttpHeadersFilter : Will instrument the HTTP request headers [Host:"localhost:8080", User-Agent:"curl/8.7.1", Accept:"*/*", Forwarded:"proto=http;host="localhost:8080";for="[0:0:0:0:0:0:0:1]:52346"", X-Forwarded-For:"0:0:0:0:0:0:0:1", X-Forwarded-Proto:"http", X-Forwarded-Port:"8080", X-Forwarded-Host:"localhost:8080"]
2026-01-23T03:41:27.660+05:30 DEBUG 34921 --- [     parallel-7] g.f.h.o.ObservedRequestHttpHeadersFilter : Client observation  {name=http.client.requests(null), error=null, context=name='http.client.requests', contextualName='null', error='null', lowCardinalityKeyValues=[http.method='GET', http.status_code='UNKNOWN', spring.cloud.gateway.route.id='productservice-api-docs', spring.cloud.gateway.route.uri='http://localhost:8082'], highCardinalityKeyValues=[http.uri='http://localhost:8080/productservice/v3/api-docs'], map=[class io.micrometer.core.instrument.Timer$Sample='io.micrometer.core.instrument.Timer$Sample@2c7e89ab', class io.micrometer.core.instrument.LongTaskTimer$Sample='SampleImpl{duration(seconds)=5.0334E-5, duration(nanos)=50334.0, startTimeNanos=88744367312416}'], parentObservation=org.springframework.security.web.server.ObservationWebFilterChainDecorator$PhasedObservation@22b96254} created for the request. New headers are [Host:"localhost:8080", User-Agent:"curl/8.7.1", Accept:"*/*", Forwarded:"proto=http;host="localhost:8080";for="[0:0:0:0:0:0:0:1]:52346"", X-Forwarded-For:"0:0:0:0:0:0:0:1", X-Forwarded-Proto:"http", X-Forwarded-Port:"8080", X-Forwarded-Host:"localhost:8080"]
2026-01-23T03:41:27.690+05:30 DEBUG 34921 --- [ctor-http-nio-2] .f.h.o.ObservedResponseHttpHeadersFilter : Will instrument the response
2026-01-23T03:41:27.692+05:30 DEBUG 34921 --- [ctor-http-nio-2] .f.h.o.ObservedResponseHttpHeadersFilter : The response was handled for observation {name=http.client.requests(null), error=null, context=name='http.client.requests', contextualName='null', error='null', lowCardinalityKeyValues=[http.method='GET', http.status_code='UNKNOWN', spring.cloud.gateway.route.id='productservice-api-docs', spring.cloud.gateway.route.uri='http://localhost:8082'], highCardinalityKeyValues=[http.uri='http://localhost:8080/productservice/v3/api-docs'], map=[class io.micrometer.core.instrument.Timer$Sample='io.micrometer.core.instrument.Timer$Sample@2c7e89ab', class io.micrometer.core.instrument.LongTaskTimer$Sample='SampleImpl{duration(seconds)=0.030144167, duration(nanos)=3.0144167E7, startTimeNanos=88744367312416}'], parentObservation=org.springframework.security.web.server.ObservationWebFilterChainDecorator$PhasedObservation@22b96254}
2026-01-23T03:41:27.716+05:30 DEBUG 34921 --- [     parallel-2] o.s.c.g.h.RoutePredicateHandlerMapping   : Route matched: orderservice-api-docs
2026-01-23T03:41:27.717+05:30 DEBUG 34921 --- [     parallel-2] o.s.c.g.h.RoutePredicateHandlerMapping   : Mapping [Exchange: GET http://localhost:8080/orderservice/v3/api-docs] to Route{id='orderservice-api-docs', uri=http://localhost:8086, order=0, predicate=Paths: [/orderservice/v3/api-docs/**], match trailing slash: true, gatewayFilters=[[[RewritePath /orderservice/v3/api-docs/(?<segment>.*) = '/v3/api-docs/${segment}'], order = 1]], metadata={}}
2026-01-23T03:41:27.717+05:30 DEBUG 34921 --- [     parallel-2] o.s.c.g.h.RoutePredicateHandlerMapping   : [9a88162d-14] Mapped to org.springframework.cloud.gateway.handler.FilteringWebHandler@2cd27ab9
2026-01-23T03:41:27.717+05:30 DEBUG 34921 --- [     parallel-2] o.s.c.g.handler.FilteringWebHandler      : Sorted gatewayFilterFactories: [[GatewayFilterAdapter{delegate=org.springframework.cloud.gateway.filter.RemoveCachedBodyFilter@59831016}, order = -2147483648], [GatewayFilterAdapter{delegate=org.springframework.cloud.gateway.filter.AdaptCachedBodyGlobalFilter@4c114687}, order = -2147482648], [GatewayFilterAdapter{delegate=com.swachvega.apigateway.filter.JwtAuthenticationFilter@64e657b0}, order = -100], [GatewayFilterAdapter{delegate=com.swachvega.apigateway.security.MerchantApprovalEnforcementFilter@6c46dc02}, order = -85], [GatewayFilterAdapter{delegate=com.swachvega.apigateway.security.AdminEnforcementFilter@50013a15}, order = -80], [GatewayFilterAdapter{delegate=org.springframework.cloud.gateway.filter.NettyWriteResponseFilter@b5390}, order = -1], [GatewayFilterAdapter{delegate=org.springframework.cloud.gateway.filter.ForwardPathFilter@397dfbe8}, order = 0], [GatewayFilterAdapter{delegate=org.springframework.cloud.gateway.filter.GatewayMetricsFilter@3791af}, order = 0], [[RewritePath /orderservice/v3/api-docs/(?<segment>.*) = '/v3/api-docs/${segment}'], order = 1], [GatewayFilterAdapter{delegate=org.springframework.cloud.gateway.filter.RouteToRequestUrlFilter@37f71e8}, order = 10000], [GatewayFilterAdapter{delegate=org.springframework.cloud.gateway.config.GatewayNoLoadBalancerClientAutoConfiguration$NoLoadBalancerClientFilter@66fff42f}, order = 10150], [GatewayFilterAdapter{delegate=org.springframework.cloud.gateway.filter.WebsocketRoutingFilter@783f5f71}, order = 2147483646], [GatewayFilterAdapter{delegate=org.springframework.cloud.gateway.filter.NettyRoutingFilter@5606d537}, order = 2147483647], [GatewayFilterAdapter{delegate=org.springframework.cloud.gateway.filter.ForwardRoutingFilter@63b0b3dd}, order = 2147483647]]
2026-01-23T03:41:27.717+05:30  INFO 34921 --- [     parallel-2] c.s.a.filter.JwtAuthenticationFilter     : Processing request: GET /orderservice/v3/api-docs (normalized: /orderservice/v3/api-docs) - Checking if public path
2026-01-23T03:41:27.717+05:30  INFO 34921 --- [     parallel-2] c.s.a.filter.JwtAuthenticationFilter     : Public path detected, skipping authentication: /orderservice/v3/api-docs
2026-01-23T03:41:27.717+05:30 DEBUG 34921 --- [     parallel-2] g.f.h.o.ObservedRequestHttpHeadersFilter : Will instrument the HTTP request headers [Host:"localhost:8080", User-Agent:"curl/8.7.1", Accept:"*/*", Forwarded:"proto=http;host="localhost:8080";for="[0:0:0:0:0:0:0:1]:52348"", X-Forwarded-For:"0:0:0:0:0:0:0:1", X-Forwarded-Proto:"http", X-Forwarded-Port:"8080", X-Forwarded-Host:"localhost:8080"]
2026-01-23T03:41:27.718+05:30 DEBUG 34921 --- [     parallel-2] g.f.h.o.ObservedRequestHttpHeadersFilter : Client observation  {name=http.client.requests(null), error=null, context=name='http.client.requests', contextualName='null', error='null', lowCardinalityKeyValues=[http.method='GET', http.status_code='UNKNOWN', spring.cloud.gateway.route.id='orderservice-api-docs', spring.cloud.gateway.route.uri='http://localhost:8086'], highCardinalityKeyValues=[http.uri='http://localhost:8080/orderservice/v3/api-docs'], map=[class io.micrometer.core.instrument.Timer$Sample='io.micrometer.core.instrument.Timer$Sample@884d882', class io.micrometer.core.instrument.LongTaskTimer$Sample='SampleImpl{duration(seconds)=4.875E-5, duration(nanos)=48750.0, startTimeNanos=88744424635833}'], parentObservation=org.springframework.security.web.server.ObservationWebFilterChainDecorator$PhasedObservation@2ed6b77d} created for the request. New headers are [Host:"localhost:8080", User-Agent:"curl/8.7.1", Accept:"*/*", Forwarded:"proto=http;host="localhost:8080";for="[0:0:0:0:0:0:0:1]:52348"", X-Forwarded-For:"0:0:0:0:0:0:0:1", X-Forwarded-Proto:"http", X-Forwarded-Port:"8080", X-Forwarded-Host:"localhost:8080"]
2026-01-23T03:41:27.877+05:30 DEBUG 34921 --- [ctor-http-nio-4] .f.h.o.ObservedResponseHttpHeadersFilter : Will instrument the response
2026-01-23T03:41:27.878+05:30 DEBUG 34921 --- [ctor-http-nio-4] .f.h.o.ObservedResponseHttpHeadersFilter : The response was handled for observation {name=http.client.requests(null), error=null, context=name='http.client.requests', contextualName='null', error='null', lowCardinalityKeyValues=[http.method='GET', http.status_code='UNKNOWN', spring.cloud.gateway.route.id='orderservice-api-docs', spring.cloud.gateway.route.uri='http://localhost:8086'], highCardinalityKeyValues=[http.uri='http://localhost:8080/orderservice/v3/api-docs'], map=[class io.micrometer.core.instrument.Timer$Sample='io.micrometer.core.instrument.Timer$Sample@884d882', class io.micrometer.core.instrument.LongTaskTimer$Sample='SampleImpl{duration(seconds)=0.160409917, duration(nanos)=1.60409917E8, startTimeNanos=88744424635833}'], parentObservation=org.springframework.security.web.server.ObservationWebFilterChainDecorator$PhasedObservation@2ed6b77d}
2026-01-23T03:42:38.588+05:30  INFO 34921 --- [ctor-http-nio-5] c.s.a.controller.AuthController          : OTP verification for phone: 9000000001
2026-01-23T03:42:39.500+05:30 DEBUG 34921 --- [ctor-http-nio-5] c.s.a.security.SimpleJwtTokenProvider    : Generated access token for user 3309c69c-e41a-4ba4-a76d-7bf4ef300817 with expiry 2026-01-22T22:27:39.471360Z and claims: [sub, role, isPhoneVerified, loginType, fullName, sessionId, type, features, phoneNumber, permissions, iat, email, jti, username]
2026-01-23T03:42:39.501+05:30 DEBUG 34921 --- [ctor-http-nio-5] c.s.a.security.SimpleJwtTokenProvider    : Generated refresh token for user 3309c69c-e41a-4ba4-a76d-7bf4ef300817 with expiry 2026-02-21T22:12:39.500825Z
2026-01-23T03:42:58.269+05:30 DEBUG 34921 --- [     parallel-6] o.s.c.g.h.RoutePredicateHandlerMapping   : Route matched: userservice
2026-01-23T03:42:58.270+05:30 DEBUG 34921 --- [     parallel-6] o.s.c.g.h.RoutePredicateHandlerMapping   : Mapping [Exchange: GET http://127.0.0.1:8080/api/users/addresses] to Route{id='userservice', uri=http://localhost:8081, order=0, predicate=Paths: [/api/users/**], match trailing slash: true, gatewayFilters=[], metadata={}}
2026-01-23T03:42:58.270+05:30 DEBUG 34921 --- [     parallel-6] o.s.c.g.h.RoutePredicateHandlerMapping   : [c6f773d3-16] Mapped to org.springframework.cloud.gateway.handler.FilteringWebHandler@2cd27ab9
2026-01-23T03:42:58.270+05:30 DEBUG 34921 --- [     parallel-6] o.s.c.g.handler.FilteringWebHandler      : Sorted gatewayFilterFactories: [[GatewayFilterAdapter{delegate=org.springframework.cloud.gateway.filter.RemoveCachedBodyFilter@59831016}, order = -2147483648], [GatewayFilterAdapter{delegate=org.springframework.cloud.gateway.filter.AdaptCachedBodyGlobalFilter@4c114687}, order = -2147482648], [GatewayFilterAdapter{delegate=com.swachvega.apigateway.filter.JwtAuthenticationFilter@64e657b0}, order = -100], [GatewayFilterAdapter{delegate=com.swachvega.apigateway.security.MerchantApprovalEnforcementFilter@6c46dc02}, order = -85], [GatewayFilterAdapter{delegate=com.swachvega.apigateway.security.AdminEnforcementFilter@50013a15}, order = -80], [GatewayFilterAdapter{delegate=org.springframework.cloud.gateway.filter.NettyWriteResponseFilter@b5390}, order = -1], [GatewayFilterAdapter{delegate=org.springframework.cloud.gateway.filter.ForwardPathFilter@397dfbe8}, order = 0], [GatewayFilterAdapter{delegate=org.springframework.cloud.gateway.filter.GatewayMetricsFilter@3791af}, order = 0], [GatewayFilterAdapter{delegate=org.springframework.cloud.gateway.filter.RouteToRequestUrlFilter@37f71e8}, order = 10000], [GatewayFilterAdapter{delegate=org.springframework.cloud.gateway.config.GatewayNoLoadBalancerClientAutoConfiguration$NoLoadBalancerClientFilter@66fff42f}, order = 10150], [GatewayFilterAdapter{delegate=org.springframework.cloud.gateway.filter.WebsocketRoutingFilter@783f5f71}, order = 2147483646], [GatewayFilterAdapter{delegate=org.springframework.cloud.gateway.filter.NettyRoutingFilter@5606d537}, order = 2147483647], [GatewayFilterAdapter{delegate=org.springframework.cloud.gateway.filter.ForwardRoutingFilter@63b0b3dd}, order = 2147483647]]
2026-01-23T03:42:58.272+05:30  INFO 34921 --- [     parallel-6] c.s.a.filter.JwtAuthenticationFilter     : Processing request: GET /api/users/addresses (normalized: /api/users/addresses) - Checking if public path
2026-01-23T03:42:58.272+05:30  INFO 34921 --- [     parallel-6] c.s.a.filter.JwtAuthenticationFilter     : Protected path detected, checking authentication: /api/users/addresses
2026-01-23T03:42:58.272+05:30  INFO 34921 --- [     parallel-6] c.s.a.filter.JwtAuthenticationFilter     : Authorization header for path /api/users/addresses: Bearer ***
2026-01-23T03:42:58.272+05:30 DEBUG 34921 --- [     parallel-6] c.s.a.security.SimpleJwtTokenProvider    : Extracting token from header: Bearer ***
2026-01-23T03:42:58.272+05:30 DEBUG 34921 --- [     parallel-6] c.s.a.security.SimpleJwtTokenProvider    : Token extracted successfully
2026-01-23T03:42:58.272+05:30  INFO 34921 --- [     parallel-6] c.s.a.filter.JwtAuthenticationFilter     : Token extracted successfully, validating for path: /api/users/addresses
2026-01-23T03:42:58.273+05:30 DEBUG 34921 --- [     parallel-6] c.s.a.security.SimpleJwtTokenProvider    : Validating access token: eyJhbGciOiJIUzUxMiJ9...
2026-01-23T03:42:58.299+05:30 DEBUG 34921 --- [     parallel-6] c.s.a.security.SimpleJwtTokenProvider    : Token validation successful for user: 3309c69c-e41a-4ba4-a76d-7bf4ef300817
2026-01-23T03:42:58.299+05:30  INFO 34921 --- [     parallel-6] c.s.a.filter.JwtAuthenticationFilter     : Token validated successfully for user: 3309c69c-e41a-4ba4-a76d-7bf4ef300817 on path: /api/users/addresses
2026-01-23T03:42:58.300+05:30  INFO 34921 --- [     parallel-6] c.s.a.filter.JwtAuthenticationFilter     : Proceeding to downstream service for path: /api/users/addresses
2026-01-23T03:42:58.304+05:30 DEBUG 34921 --- [     parallel-6] g.f.h.o.ObservedRequestHttpHeadersFilter : Will instrument the HTTP request headers [Host:"127.0.0.1:8080", Cookie:"JSESSIONID=C54FFBDDE67A450A97AA70112AB7CD8E", User-Agent:"insomnia/11.2.0", Authorization:"Bearer eyJhbGciOiJIUzUxMiJ9.eyJzdWIiOiIzMzA5YzY5Yy1lNDFhLTRiYTQtYTc2ZC03YmY0ZWYzMDA4MTciLCJpc3MiOiJzd2FjaHZlZ2EiLCJhdWQiOlsic3dhY2h2ZWdhLWNsaWVudHMiXSwiaWF0IjoxNzY5MTE5OTU5LCJuYmYiOjE3NjkxMTk5NTksImV4cCI6MTc2OTEyMDg1OSwianRpIjoiYmM4NjQyYTgtN2I0Mi00NGQ3LTk5YTUtZDJhNDMxZTZlYjhhIiwicm9sZSI6IkNPTlNVTUVSIiwiaXNQaG9uZVZlcmlmaWVkIjp0cnVlLCJsb2dpblR5cGUiOiJwaG9uZV9vdHAiLCJmdWxsTmFtZSI6Im51bGwgbnVsbCIsInNlc3Npb25JZCI6ImRlMzY1ZDliLTcyZGItNDM4Mi05NmRjLWI4NTI5OTQ4ZTViOCIsInR5cGUiOiJhY2Nlc3MiLCJmZWF0dXJlcyI6WyJTSE9QUElORyIsIk9SREVSX1RSQUNLSU5HIiwiRkFWT1JJVEVTIiwiUkVWSUVXUyIsIldBTExFVCIsIlBST0ZJTEUiXSwicGhvbmVOdW1iZXIiOiIrOTE5MDAwMDAwMDAxIiwicGVybWlzc2lvbnMiOlsiUkVBRCIsIldSSVRFIiwiUExBQ0VfT1JERVJTIiwiVklFV19PUkRFUl9ISVNUT1JZIiwiTUFOQUdFX1BST0ZJTEUiXSwiZW1haWwiOiJ0ZXN0dXNlcjFAc3dhY2h2ZWdhLmNvbSJ9.opPsXQuupZXuYm_RLHdWcqCJMmJHCHUgjAxLFq33trKfdLcui8kdNih1pUCdhkMSzPfb9bEgWlGBMO7dQQvC_A", Accept:"*/*", X-User-Id:"3309c69c-e41a-4ba4-a76d-7bf4ef300817", X-Username:"testuser1@swachvega.com", X-User-Role:"CONSUMER", X-Session-Id:"de365d9b-72db-4382-96dc-b8529948e5b8", X-User-Email:"testuser1@swachvega.com", X-User-FullName:"null null", X-User-Phone:"+919000000001", X-Token-IssuedAt:"1769119959", X-Token-ExpiresAt:"1769120859", X-Token-Id:"bc8642a8-7b42-44d7-99a5-d2a431e6eb8a", Forwarded:"proto=http;host="127.0.0.1:8080";for="127.0.0.1:52490"", X-Forwarded-For:"127.0.0.1", X-Forwarded-Proto:"http", X-Forwarded-Port:"8080", X-Forwarded-Host:"127.0.0.1:8080"]
2026-01-23T03:42:58.305+05:30 DEBUG 34921 --- [     parallel-6] g.f.h.o.ObservedRequestHttpHeadersFilter : Client observation  {name=http.client.requests(null), error=null, context=name='http.client.requests', contextualName='null', error='null', lowCardinalityKeyValues=[http.method='GET', http.status_code='UNKNOWN', spring.cloud.gateway.route.id='userservice', spring.cloud.gateway.route.uri='http://localhost:8081'], highCardinalityKeyValues=[http.uri='http://127.0.0.1:8080/api/users/addresses'], map=[class io.micrometer.core.instrument.Timer$Sample='io.micrometer.core.instrument.Timer$Sample@1acaf458', class io.micrometer.core.instrument.LongTaskTimer$Sample='SampleImpl{duration(seconds)=1.12083E-4, duration(nanos)=112083.0, startTimeNanos=88835011300458}'], parentObservation=org.springframework.security.web.server.ObservationWebFilterChainDecorator$PhasedObservation@486903bf} created for the request. New headers are [Host:"127.0.0.1:8080", Cookie:"JSESSIONID=C54FFBDDE67A450A97AA70112AB7CD8E", User-Agent:"insomnia/11.2.0", Authorization:"Bearer eyJhbGciOiJIUzUxMiJ9.eyJzdWIiOiIzMzA5YzY5Yy1lNDFhLTRiYTQtYTc2ZC03YmY0ZWYzMDA4MTciLCJpc3MiOiJzd2FjaHZlZ2EiLCJhdWQiOlsic3dhY2h2ZWdhLWNsaWVudHMiXSwiaWF0IjoxNzY5MTE5OTU5LCJuYmYiOjE3NjkxMTk5NTksImV4cCI6MTc2OTEyMDg1OSwianRpIjoiYmM4NjQyYTgtN2I0Mi00NGQ3LTk5YTUtZDJhNDMxZTZlYjhhIiwicm9sZSI6IkNPTlNVTUVSIiwiaXNQaG9uZVZlcmlmaWVkIjp0cnVlLCJsb2dpblR5cGUiOiJwaG9uZV9vdHAiLCJmdWxsTmFtZSI6Im51bGwgbnVsbCIsInNlc3Npb25JZCI6ImRlMzY1ZDliLTcyZGItNDM4Mi05NmRjLWI4NTI5OTQ4ZTViOCIsInR5cGUiOiJhY2Nlc3MiLCJmZWF0dXJlcyI6WyJTSE9QUElORyIsIk9SREVSX1RSQUNLSU5HIiwiRkFWT1JJVEVTIiwiUkVWSUVXUyIsIldBTExFVCIsIlBST0ZJTEUiXSwicGhvbmVOdW1iZXIiOiIrOTE5MDAwMDAwMDAxIiwicGVybWlzc2lvbnMiOlsiUkVBRCIsIldSSVRFIiwiUExBQ0VfT1JERVJTIiwiVklFV19PUkRFUl9ISVNUT1JZIiwiTUFOQUdFX1BST0ZJTEUiXSwiZW1haWwiOiJ0ZXN0dXNlcjFAc3dhY2h2ZWdhLmNvbSJ9.opPsXQuupZXuYm_RLHdWcqCJMmJHCHUgjAxLFq33trKfdLcui8kdNih1pUCdhkMSzPfb9bEgWlGBMO7dQQvC_A", Accept:"*/*", X-User-Id:"3309c69c-e41a-4ba4-a76d-7bf4ef300817", X-Username:"testuser1@swachvega.com", X-User-Role:"CONSUMER", X-Session-Id:"de365d9b-72db-4382-96dc-b8529948e5b8", X-User-Email:"testuser1@swachvega.com", X-User-FullName:"null null", X-User-Phone:"+919000000001", X-Token-IssuedAt:"1769119959", X-Token-ExpiresAt:"1769120859", X-Token-Id:"bc8642a8-7b42-44d7-99a5-d2a431e6eb8a", Forwarded:"proto=http;host="127.0.0.1:8080";for="127.0.0.1:52490"", X-Forwarded-For:"127.0.0.1", X-Forwarded-Proto:"http", X-Forwarded-Port:"8080", X-Forwarded-Host:"127.0.0.1:8080"]
2026-01-23T03:42:58.498+05:30 DEBUG 34921 --- [ctor-http-nio-6] .f.h.o.ObservedResponseHttpHeadersFilter : Will instrument the response
2026-01-23T03:42:58.499+05:30 DEBUG 34921 --- [ctor-http-nio-6] .f.h.o.ObservedResponseHttpHeadersFilter : The response was handled for observation {name=http.client.requests(null), error=null, context=name='http.client.requests', contextualName='null', error='null', lowCardinalityKeyValues=[http.method='GET', http.status_code='UNKNOWN', spring.cloud.gateway.route.id='userservice', spring.cloud.gateway.route.uri='http://localhost:8081'], highCardinalityKeyValues=[http.uri='http://127.0.0.1:8080/api/users/addresses'], map=[class io.micrometer.core.instrument.Timer$Sample='io.micrometer.core.instrument.Timer$Sample@1acaf458', class io.micrometer.core.instrument.LongTaskTimer$Sample='SampleImpl{duration(seconds)=0.194321458, duration(nanos)=1.94321458E8, startTimeNanos=88835011300458}'], parentObservation=org.springframework.security.web.server.ObservationWebFilterChainDecorator$PhasedObservation@486903bf}
2026-01-23T03:46:58.040+05:30 DEBUG 34921 --- [     parallel-2] o.s.c.g.h.RoutePredicateHandlerMapping   : Route matched: productservice
2026-01-23T03:46:58.050+05:30 DEBUG 34921 --- [     parallel-2] o.s.c.g.h.RoutePredicateHandlerMapping   : Mapping [Exchange: GET http://localhost:8080/api/products] to Route{id='productservice', uri=http://localhost:8082, order=0, predicate=Paths: [/api/products/**], match trailing slash: true, gatewayFilters=[], metadata={}}
2026-01-23T03:46:58.050+05:30 DEBUG 34921 --- [     parallel-2] o.s.c.g.h.RoutePredicateHandlerMapping   : [cb557a47-18] Mapped to org.springframework.cloud.gateway.handler.FilteringWebHandler@2cd27ab9
2026-01-23T03:46:58.052+05:30 DEBUG 34921 --- [     parallel-2] o.s.c.g.handler.FilteringWebHandler      : Sorted gatewayFilterFactories: [[GatewayFilterAdapter{delegate=org.springframework.cloud.gateway.filter.RemoveCachedBodyFilter@59831016}, order = -2147483648], [GatewayFilterAdapter{delegate=org.springframework.cloud.gateway.filter.AdaptCachedBodyGlobalFilter@4c114687}, order = -2147482648], [GatewayFilterAdapter{delegate=com.swachvega.apigateway.filter.JwtAuthenticationFilter@64e657b0}, order = -100], [GatewayFilterAdapter{delegate=com.swachvega.apigateway.security.MerchantApprovalEnforcementFilter@6c46dc02}, order = -85], [GatewayFilterAdapter{delegate=com.swachvega.apigateway.security.AdminEnforcementFilter@50013a15}, order = -80], [GatewayFilterAdapter{delegate=org.springframework.cloud.gateway.filter.NettyWriteResponseFilter@b5390}, order = -1], [GatewayFilterAdapter{delegate=org.springframework.cloud.gateway.filter.ForwardPathFilter@397dfbe8}, order = 0], [GatewayFilterAdapter{delegate=org.springframework.cloud.gateway.filter.GatewayMetricsFilter@3791af}, order = 0], [GatewayFilterAdapter{delegate=org.springframework.cloud.gateway.filter.RouteToRequestUrlFilter@37f71e8}, order = 10000], [GatewayFilterAdapter{delegate=org.springframework.cloud.gateway.config.GatewayNoLoadBalancerClientAutoConfiguration$NoLoadBalancerClientFilter@66fff42f}, order = 10150], [GatewayFilterAdapter{delegate=org.springframework.cloud.gateway.filter.WebsocketRoutingFilter@783f5f71}, order = 2147483646], [GatewayFilterAdapter{delegate=org.springframework.cloud.gateway.filter.NettyRoutingFilter@5606d537}, order = 2147483647], [GatewayFilterAdapter{delegate=org.springframework.cloud.gateway.filter.ForwardRoutingFilter@63b0b3dd}, order = 2147483647]]
2026-01-23T03:46:58.053+05:30  INFO 34921 --- [     parallel-2] c.s.a.filter.JwtAuthenticationFilter     : Processing request: GET /api/products (normalized: /api/products) - Checking if public path
2026-01-23T03:46:58.053+05:30  INFO 34921 --- [     parallel-2] c.s.a.filter.JwtAuthenticationFilter     : Protected path detected, checking authentication: /api/products
2026-01-23T03:46:58.053+05:30  INFO 34921 --- [     parallel-2] c.s.a.filter.JwtAuthenticationFilter     : Authorization header for path /api/products: missing
2026-01-23T03:46:58.053+05:30 DEBUG 34921 --- [     parallel-2] c.s.a.security.SimpleJwtTokenProvider    : Extracting token from header: null
2026-01-23T03:46:58.053+05:30  WARN 34921 --- [     parallel-2] c.s.a.security.SimpleJwtTokenProvider    : Invalid or missing Bearer token in header
2026-01-23T03:46:58.054+05:30  WARN 34921 --- [     parallel-2] c.s.a.filter.JwtAuthenticationFilter     : No valid token found for protected path: /api/products
2026-01-23T03:46:58.055+05:30  WARN 34921 --- [     parallel-2] c.s.a.filter.JwtAuthenticationFilter     : Unauthorized access attempt: Missing or invalid authorization token
2026-01-23T03:46:58.081+05:30 DEBUG 34921 --- [     parallel-3] o.s.c.g.h.RoutePredicateHandlerMapping   : Route matched: categoryservice
2026-01-23T03:46:58.081+05:30 DEBUG 34921 --- [     parallel-3] o.s.c.g.h.RoutePredicateHandlerMapping   : Mapping [Exchange: GET http://localhost:8080/api/categories] to Route{id='categoryservice', uri=http://localhost:8082, order=0, predicate=Paths: [/api/categories/**], match trailing slash: true, gatewayFilters=[], metadata={}}
2026-01-23T03:46:58.081+05:30 DEBUG 34921 --- [     parallel-3] o.s.c.g.h.RoutePredicateHandlerMapping   : [fcc736f4-19] Mapped to org.springframework.cloud.gateway.handler.FilteringWebHandler@2cd27ab9
2026-01-23T03:46:58.081+05:30 DEBUG 34921 --- [     parallel-3] o.s.c.g.handler.FilteringWebHandler      : Sorted gatewayFilterFactories: [[GatewayFilterAdapter{delegate=org.springframework.cloud.gateway.filter.RemoveCachedBodyFilter@59831016}, order = -2147483648], [GatewayFilterAdapter{delegate=org.springframework.cloud.gateway.filter.AdaptCachedBodyGlobalFilter@4c114687}, order = -2147482648], [GatewayFilterAdapter{delegate=com.swachvega.apigateway.filter.JwtAuthenticationFilter@64e657b0}, order = -100], [GatewayFilterAdapter{delegate=com.swachvega.apigateway.security.MerchantApprovalEnforcementFilter@6c46dc02}, order = -85], [GatewayFilterAdapter{delegate=com.swachvega.apigateway.security.AdminEnforcementFilter@50013a15}, order = -80], [GatewayFilterAdapter{delegate=org.springframework.cloud.gateway.filter.NettyWriteResponseFilter@b5390}, order = -1], [GatewayFilterAdapter{delegate=org.springframework.cloud.gateway.filter.ForwardPathFilter@397dfbe8}, order = 0], [GatewayFilterAdapter{delegate=org.springframework.cloud.gateway.filter.GatewayMetricsFilter@3791af}, order = 0], [GatewayFilterAdapter{delegate=org.springframework.cloud.gateway.filter.RouteToRequestUrlFilter@37f71e8}, order = 10000], [GatewayFilterAdapter{delegate=org.springframework.cloud.gateway.config.GatewayNoLoadBalancerClientAutoConfiguration$NoLoadBalancerClientFilter@66fff42f}, order = 10150], [GatewayFilterAdapter{delegate=org.springframework.cloud.gateway.filter.WebsocketRoutingFilter@783f5f71}, order = 2147483646], [GatewayFilterAdapter{delegate=org.springframework.cloud.gateway.filter.NettyRoutingFilter@5606d537}, order = 2147483647], [GatewayFilterAdapter{delegate=org.springframework.cloud.gateway.filter.ForwardRoutingFilter@63b0b3dd}, order = 2147483647]]
2026-01-23T03:46:58.081+05:30  INFO 34921 --- [     parallel-3] c.s.a.filter.JwtAuthenticationFilter     : Processing request: GET /api/categories (normalized: /api/categories) - Checking if public path
2026-01-23T03:46:58.081+05:30  INFO 34921 --- [     parallel-3] c.s.a.filter.JwtAuthenticationFilter     : Protected path detected, checking authentication: /api/categories
2026-01-23T03:46:58.081+05:30  INFO 34921 --- [     parallel-3] c.s.a.filter.JwtAuthenticationFilter     : Authorization header for path /api/categories: missing
2026-01-23T03:46:58.081+05:30 DEBUG 34921 --- [     parallel-3] c.s.a.security.SimpleJwtTokenProvider    : Extracting token from header: null
2026-01-23T03:46:58.081+05:30  WARN 34921 --- [     parallel-3] c.s.a.security.SimpleJwtTokenProvider    : Invalid or missing Bearer token in header
2026-01-23T03:46:58.082+05:30  WARN 34921 --- [     parallel-3] c.s.a.filter.JwtAuthenticationFilter     : No valid token found for protected path: /api/categories
2026-01-23T03:46:58.082+05:30  WARN 34921 --- [     parallel-3] c.s.a.filter.JwtAuthenticationFilter     : Unauthorized access attempt: Missing or invalid authorization token
2026-01-23T03:51:48.933+05:30 DEBUG 34921 --- [     parallel-5] o.s.c.g.h.RoutePredicateHandlerMapping   : Route matched: categoryservice
2026-01-23T03:51:48.956+05:30 DEBUG 34921 --- [     parallel-5] o.s.c.g.h.RoutePredicateHandlerMapping   : Mapping [Exchange: GET http://localhost:8080/api/categories] to Route{id='categoryservice', uri=http://localhost:8082, order=0, predicate=Paths: [/api/categories/**], match trailing slash: true, gatewayFilters=[], metadata={}}
2026-01-23T03:51:48.956+05:30 DEBUG 34921 --- [     parallel-5] o.s.c.g.h.RoutePredicateHandlerMapping   : [a63e1b11-21] Mapped to org.springframework.cloud.gateway.handler.FilteringWebHandler@2cd27ab9
2026-01-23T03:51:48.962+05:30 DEBUG 34921 --- [     parallel-5] o.s.c.g.handler.FilteringWebHandler      : Sorted gatewayFilterFactories: [[GatewayFilterAdapter{delegate=org.springframework.cloud.gateway.filter.RemoveCachedBodyFilter@59831016}, order = -2147483648], [GatewayFilterAdapter{delegate=org.springframework.cloud.gateway.filter.AdaptCachedBodyGlobalFilter@4c114687}, order = -2147482648], [GatewayFilterAdapter{delegate=com.swachvega.apigateway.filter.JwtAuthenticationFilter@64e657b0}, order = -100], [GatewayFilterAdapter{delegate=com.swachvega.apigateway.security.MerchantApprovalEnforcementFilter@6c46dc02}, order = -85], [GatewayFilterAdapter{delegate=com.swachvega.apigateway.security.AdminEnforcementFilter@50013a15}, order = -80], [GatewayFilterAdapter{delegate=org.springframework.cloud.gateway.filter.NettyWriteResponseFilter@b5390}, order = -1], [GatewayFilterAdapter{delegate=org.springframework.cloud.gateway.filter.ForwardPathFilter@397dfbe8}, order = 0], [GatewayFilterAdapter{delegate=org.springframework.cloud.gateway.filter.GatewayMetricsFilter@3791af}, order = 0], [GatewayFilterAdapter{delegate=org.springframework.cloud.gateway.filter.RouteToRequestUrlFilter@37f71e8}, order = 10000], [GatewayFilterAdapter{delegate=org.springframework.cloud.gateway.config.GatewayNoLoadBalancerClientAutoConfiguration$NoLoadBalancerClientFilter@66fff42f}, order = 10150], [GatewayFilterAdapter{delegate=org.springframework.cloud.gateway.filter.WebsocketRoutingFilter@783f5f71}, order = 2147483646], [GatewayFilterAdapter{delegate=org.springframework.cloud.gateway.filter.NettyRoutingFilter@5606d537}, order = 2147483647], [GatewayFilterAdapter{delegate=org.springframework.cloud.gateway.filter.ForwardRoutingFilter@63b0b3dd}, order = 2147483647]]
2026-01-23T03:51:48.968+05:30  INFO 34921 --- [     parallel-5] c.s.a.filter.JwtAuthenticationFilter     : Processing request: GET /api/categories (normalized: /api/categories) - Checking if public path
2026-01-23T03:51:48.970+05:30  INFO 34921 --- [     parallel-5] c.s.a.filter.JwtAuthenticationFilter     : Protected path detected, checking authentication: /api/categories
2026-01-23T03:51:48.972+05:30  INFO 34921 --- [     parallel-5] c.s.a.filter.JwtAuthenticationFilter     : Authorization header for path /api/categories: missing
2026-01-23T03:51:48.974+05:30 DEBUG 34921 --- [     parallel-5] c.s.a.security.SimpleJwtTokenProvider    : Extracting token from header: null
2026-01-23T03:51:48.974+05:30  WARN 34921 --- [     parallel-5] c.s.a.security.SimpleJwtTokenProvider    : Invalid or missing Bearer token in header
2026-01-23T03:51:48.974+05:30  WARN 34921 --- [     parallel-5] c.s.a.filter.JwtAuthenticationFilter     : No valid token found for protected path: /api/categories
2026-01-23T03:51:48.975+05:30  WARN 34921 --- [     parallel-5] c.s.a.filter.JwtAuthenticationFilter     : Unauthorized access attempt: Missing or invalid authorization token
2026-01-23T03:51:49.037+05:30 DEBUG 34921 --- [     parallel-6] o.s.c.g.h.RoutePredicateHandlerMapping   : Route matched: productservice
2026-01-23T03:51:49.040+05:30 DEBUG 34921 --- [     parallel-6] o.s.c.g.h.RoutePredicateHandlerMapping   : Mapping [Exchange: GET http://localhost:8080/api/products] to Route{id='productservice', uri=http://localhost:8082, order=0, predicate=Paths: [/api/products/**], match trailing slash: true, gatewayFilters=[], metadata={}}
2026-01-23T03:51:49.040+05:30 DEBUG 34921 --- [     parallel-6] o.s.c.g.h.RoutePredicateHandlerMapping   : [142d8496-22] Mapped to org.springframework.cloud.gateway.handler.FilteringWebHandler@2cd27ab9
2026-01-23T03:51:49.041+05:30 DEBUG 34921 --- [     parallel-6] o.s.c.g.handler.FilteringWebHandler      : Sorted gatewayFilterFactories: [[GatewayFilterAdapter{delegate=org.springframework.cloud.gateway.filter.RemoveCachedBodyFilter@59831016}, order = -2147483648], [GatewayFilterAdapter{delegate=org.springframework.cloud.gateway.filter.AdaptCachedBodyGlobalFilter@4c114687}, order = -2147482648], [GatewayFilterAdapter{delegate=com.swachvega.apigateway.filter.JwtAuthenticationFilter@64e657b0}, order = -100], [GatewayFilterAdapter{delegate=com.swachvega.apigateway.security.MerchantApprovalEnforcementFilter@6c46dc02}, order = -85], [GatewayFilterAdapter{delegate=com.swachvega.apigateway.security.AdminEnforcementFilter@50013a15}, order = -80], [GatewayFilterAdapter{delegate=org.springframework.cloud.gateway.filter.NettyWriteResponseFilter@b5390}, order = -1], [GatewayFilterAdapter{delegate=org.springframework.cloud.gateway.filter.ForwardPathFilter@397dfbe8}, order = 0], [GatewayFilterAdapter{delegate=org.springframework.cloud.gateway.filter.GatewayMetricsFilter@3791af}, order = 0], [GatewayFilterAdapter{delegate=org.springframework.cloud.gateway.filter.RouteToRequestUrlFilter@37f71e8}, order = 10000], [GatewayFilterAdapter{delegate=org.springframework.cloud.gateway.config.GatewayNoLoadBalancerClientAutoConfiguration$NoLoadBalancerClientFilter@66fff42f}, order = 10150], [GatewayFilterAdapter{delegate=org.springframework.cloud.gateway.filter.WebsocketRoutingFilter@783f5f71}, order = 2147483646], [GatewayFilterAdapter{delegate=org.springframework.cloud.gateway.filter.NettyRoutingFilter@5606d537}, order = 2147483647], [GatewayFilterAdapter{delegate=org.springframework.cloud.gateway.filter.ForwardRoutingFilter@63b0b3dd}, order = 2147483647]]
2026-01-23T03:51:49.041+05:30  INFO 34921 --- [     parallel-6] c.s.a.filter.JwtAuthenticationFilter     : Processing request: GET /api/products (normalized: /api/products) - Checking if public path
2026-01-23T03:51:49.041+05:30  INFO 34921 --- [     parallel-6] c.s.a.filter.JwtAuthenticationFilter     : Protected path detected, checking authentication: /api/products
2026-01-23T03:51:49.041+05:30  INFO 34921 --- [     parallel-6] c.s.a.filter.JwtAuthenticationFilter     : Authorization header for path /api/products: missing
2026-01-23T03:51:49.041+05:30 DEBUG 34921 --- [     parallel-6] c.s.a.security.SimpleJwtTokenProvider    : Extracting token from header: null
2026-01-23T03:51:49.041+05:30  WARN 34921 --- [     parallel-6] c.s.a.security.SimpleJwtTokenProvider    : Invalid or missing Bearer token in header
2026-01-23T03:51:49.041+05:30  WARN 34921 --- [     parallel-6] c.s.a.filter.JwtAuthenticationFilter     : No valid token found for protected path: /api/products
2026-01-23T03:51:49.041+05:30  WARN 34921 --- [     parallel-6] c.s.a.filter.JwtAuthenticationFilter     : Unauthorized access attempt: Missing or invalid authorization token
2026-01-23T03:51:49.129+05:30 DEBUG 34921 --- [     parallel-7] o.s.c.g.h.RoutePredicateHandlerMapping   : Route matched: searchservice
2026-01-23T03:51:49.130+05:30 DEBUG 34921 --- [     parallel-7] o.s.c.g.h.RoutePredicateHandlerMapping   : Mapping [Exchange: GET http://localhost:8080/api/search/products?query=rice] to Route{id='searchservice', uri=http://localhost:8085, order=0, predicate=Paths: [/api/search/**], match trailing slash: true, gatewayFilters=[], metadata={}}
2026-01-23T03:51:49.131+05:30 DEBUG 34921 --- [     parallel-7] o.s.c.g.h.RoutePredicateHandlerMapping   : [8213f50b-23] Mapped to org.springframework.cloud.gateway.handler.FilteringWebHandler@2cd27ab9
2026-01-23T03:51:49.131+05:30 DEBUG 34921 --- [     parallel-7] o.s.c.g.handler.FilteringWebHandler      : Sorted gatewayFilterFactories: [[GatewayFilterAdapter{delegate=org.springframework.cloud.gateway.filter.RemoveCachedBodyFilter@59831016}, order = -2147483648], [GatewayFilterAdapter{delegate=org.springframework.cloud.gateway.filter.AdaptCachedBodyGlobalFilter@4c114687}, order = -2147482648], [GatewayFilterAdapter{delegate=com.swachvega.apigateway.filter.JwtAuthenticationFilter@64e657b0}, order = -100], [GatewayFilterAdapter{delegate=com.swachvega.apigateway.security.MerchantApprovalEnforcementFilter@6c46dc02}, order = -85], [GatewayFilterAdapter{delegate=com.swachvega.apigateway.security.AdminEnforcementFilter@50013a15}, order = -80], [GatewayFilterAdapter{delegate=org.springframework.cloud.gateway.filter.NettyWriteResponseFilter@b5390}, order = -1], [GatewayFilterAdapter{delegate=org.springframework.cloud.gateway.filter.ForwardPathFilter@397dfbe8}, order = 0], [GatewayFilterAdapter{delegate=org.springframework.cloud.gateway.filter.GatewayMetricsFilter@3791af}, order = 0], [GatewayFilterAdapter{delegate=org.springframework.cloud.gateway.filter.RouteToRequestUrlFilter@37f71e8}, order = 10000], [GatewayFilterAdapter{delegate=org.springframework.cloud.gateway.config.GatewayNoLoadBalancerClientAutoConfiguration$NoLoadBalancerClientFilter@66fff42f}, order = 10150], [GatewayFilterAdapter{delegate=org.springframework.cloud.gateway.filter.WebsocketRoutingFilter@783f5f71}, order = 2147483646], [GatewayFilterAdapter{delegate=org.springframework.cloud.gateway.filter.NettyRoutingFilter@5606d537}, order = 2147483647], [GatewayFilterAdapter{delegate=org.springframework.cloud.gateway.filter.ForwardRoutingFilter@63b0b3dd}, order = 2147483647]]
2026-01-23T03:51:49.131+05:30  INFO 34921 --- [     parallel-7] c.s.a.filter.JwtAuthenticationFilter     : Processing request: GET /api/search/products (normalized: /api/search/products) - Checking if public path
2026-01-23T03:51:49.131+05:30  INFO 34921 --- [     parallel-7] c.s.a.filter.JwtAuthenticationFilter     : Protected path detected, checking authentication: /api/search/products
2026-01-23T03:51:49.131+05:30  INFO 34921 --- [     parallel-7] c.s.a.filter.JwtAuthenticationFilter     : Authorization header for path /api/search/products: missing
2026-01-23T03:51:49.131+05:30 DEBUG 34921 --- [     parallel-7] c.s.a.security.SimpleJwtTokenProvider    : Extracting token from header: null
2026-01-23T03:51:49.131+05:30  WARN 34921 --- [     parallel-7] c.s.a.security.SimpleJwtTokenProvider    : Invalid or missing Bearer token in header
2026-01-23T03:51:49.131+05:30  WARN 34921 --- [     parallel-7] c.s.a.filter.JwtAuthenticationFilter     : No valid token found for protected path: /api/search/products
2026-01-23T03:51:49.131+05:30  WARN 34921 --- [     parallel-7] c.s.a.filter.JwtAuthenticationFilter     : Unauthorized access attempt: Missing or invalid authorization token
2026-01-23T03:51:49.180+05:30 DEBUG 34921 --- [     parallel-8] o.s.c.g.h.RoutePredicateHandlerMapping   : Route matched: userservice
2026-01-23T03:51:49.180+05:30 DEBUG 34921 --- [     parallel-8] o.s.c.g.h.RoutePredicateHandlerMapping   : Mapping [Exchange: GET http://localhost:8080/api/users/profile] to Route{id='userservice', uri=http://localhost:8081, order=0, predicate=Paths: [/api/users/**], match trailing slash: true, gatewayFilters=[], metadata={}}
2026-01-23T03:51:49.180+05:30 DEBUG 34921 --- [     parallel-8] o.s.c.g.h.RoutePredicateHandlerMapping   : [20fe63bd-24] Mapped to org.springframework.cloud.gateway.handler.FilteringWebHandler@2cd27ab9
2026-01-23T03:51:49.181+05:30 DEBUG 34921 --- [     parallel-8] o.s.c.g.handler.FilteringWebHandler      : Sorted gatewayFilterFactories: [[GatewayFilterAdapter{delegate=org.springframework.cloud.gateway.filter.RemoveCachedBodyFilter@59831016}, order = -2147483648], [GatewayFilterAdapter{delegate=org.springframework.cloud.gateway.filter.AdaptCachedBodyGlobalFilter@4c114687}, order = -2147482648], [GatewayFilterAdapter{delegate=com.swachvega.apigateway.filter.JwtAuthenticationFilter@64e657b0}, order = -100], [GatewayFilterAdapter{delegate=com.swachvega.apigateway.security.MerchantApprovalEnforcementFilter@6c46dc02}, order = -85], [GatewayFilterAdapter{delegate=com.swachvega.apigateway.security.AdminEnforcementFilter@50013a15}, order = -80], [GatewayFilterAdapter{delegate=org.springframework.cloud.gateway.filter.NettyWriteResponseFilter@b5390}, order = -1], [GatewayFilterAdapter{delegate=org.springframework.cloud.gateway.filter.ForwardPathFilter@397dfbe8}, order = 0], [GatewayFilterAdapter{delegate=org.springframework.cloud.gateway.filter.GatewayMetricsFilter@3791af}, order = 0], [GatewayFilterAdapter{delegate=org.springframework.cloud.gateway.filter.RouteToRequestUrlFilter@37f71e8}, order = 10000], [GatewayFilterAdapter{delegate=org.springframework.cloud.gateway.config.GatewayNoLoadBalancerClientAutoConfiguration$NoLoadBalancerClientFilter@66fff42f}, order = 10150], [GatewayFilterAdapter{delegate=org.springframework.cloud.gateway.filter.WebsocketRoutingFilter@783f5f71}, order = 2147483646], [GatewayFilterAdapter{delegate=org.springframework.cloud.gateway.filter.NettyRoutingFilter@5606d537}, order = 2147483647], [GatewayFilterAdapter{delegate=org.springframework.cloud.gateway.filter.ForwardRoutingFilter@63b0b3dd}, order = 2147483647]]
2026-01-23T03:51:49.181+05:30  INFO 34921 --- [     parallel-8] c.s.a.filter.JwtAuthenticationFilter     : Processing request: GET /api/users/profile (normalized: /api/users/profile) - Checking if public path
2026-01-23T03:51:49.183+05:30  INFO 34921 --- [     parallel-8] c.s.a.filter.JwtAuthenticationFilter     : Protected path detected, checking authentication: /api/users/profile
2026-01-23T03:51:49.183+05:30  INFO 34921 --- [     parallel-8] c.s.a.filter.JwtAuthenticationFilter     : Authorization header for path /api/users/profile: missing
2026-01-23T03:51:49.183+05:30 DEBUG 34921 --- [     parallel-8] c.s.a.security.SimpleJwtTokenProvider    : Extracting token from header: null
2026-01-23T03:51:49.183+05:30  WARN 34921 --- [     parallel-8] c.s.a.security.SimpleJwtTokenProvider    : Invalid or missing Bearer token in header
2026-01-23T03:51:49.183+05:30  WARN 34921 --- [     parallel-8] c.s.a.filter.JwtAuthenticationFilter     : No valid token found for protected path: /api/users/profile
2026-01-23T03:51:49.183+05:30  WARN 34921 --- [     parallel-8] c.s.a.filter.JwtAuthenticationFilter     : Unauthorized access attempt: Missing or invalid authorization token
2026-01-23T03:51:49.235+05:30 DEBUG 34921 --- [     parallel-1] o.s.c.g.h.RoutePredicateHandlerMapping   : Route matched: userservice
2026-01-23T03:51:49.235+05:30 DEBUG 34921 --- [     parallel-1] o.s.c.g.h.RoutePredicateHandlerMapping   : Mapping [Exchange: GET http://localhost:8080/api/users/addresses] to Route{id='userservice', uri=http://localhost:8081, order=0, predicate=Paths: [/api/users/**], match trailing slash: true, gatewayFilters=[], metadata={}}
2026-01-23T03:51:49.235+05:30 DEBUG 34921 --- [     parallel-1] o.s.c.g.h.RoutePredicateHandlerMapping   : [35a10f50-25] Mapped to org.springframework.cloud.gateway.handler.FilteringWebHandler@2cd27ab9
2026-01-23T03:51:49.235+05:30 DEBUG 34921 --- [     parallel-1] o.s.c.g.handler.FilteringWebHandler      : Sorted gatewayFilterFactories: [[GatewayFilterAdapter{delegate=org.springframework.cloud.gateway.filter.RemoveCachedBodyFilter@59831016}, order = -2147483648], [GatewayFilterAdapter{delegate=org.springframework.cloud.gateway.filter.AdaptCachedBodyGlobalFilter@4c114687}, order = -2147482648], [GatewayFilterAdapter{delegate=com.swachvega.apigateway.filter.JwtAuthenticationFilter@64e657b0}, order = -100], [GatewayFilterAdapter{delegate=com.swachvega.apigateway.security.MerchantApprovalEnforcementFilter@6c46dc02}, order = -85], [GatewayFilterAdapter{delegate=com.swachvega.apigateway.security.AdminEnforcementFilter@50013a15}, order = -80], [GatewayFilterAdapter{delegate=org.springframework.cloud.gateway.filter.NettyWriteResponseFilter@b5390}, order = -1], [GatewayFilterAdapter{delegate=org.springframework.cloud.gateway.filter.ForwardPathFilter@397dfbe8}, order = 0], [GatewayFilterAdapter{delegate=org.springframework.cloud.gateway.filter.GatewayMetricsFilter@3791af}, order = 0], [GatewayFilterAdapter{delegate=org.springframework.cloud.gateway.filter.RouteToRequestUrlFilter@37f71e8}, order = 10000], [GatewayFilterAdapter{delegate=org.springframework.cloud.gateway.config.GatewayNoLoadBalancerClientAutoConfiguration$NoLoadBalancerClientFilter@66fff42f}, order = 10150], [GatewayFilterAdapter{delegate=org.springframework.cloud.gateway.filter.WebsocketRoutingFilter@783f5f71}, order = 2147483646], [GatewayFilterAdapter{delegate=org.springframework.cloud.gateway.filter.NettyRoutingFilter@5606d537}, order = 2147483647], [GatewayFilterAdapter{delegate=org.springframework.cloud.gateway.filter.ForwardRoutingFilter@63b0b3dd}, order = 2147483647]]
2026-01-23T03:51:49.235+05:30  INFO 34921 --- [     parallel-1] c.s.a.filter.JwtAuthenticationFilter     : Processing request: GET /api/users/addresses (normalized: /api/users/addresses) - Checking if public path
2026-01-23T03:51:49.236+05:30  INFO 34921 --- [     parallel-1] c.s.a.filter.JwtAuthenticationFilter     : Protected path detected, checking authentication: /api/users/addresses
2026-01-23T03:51:49.236+05:30  INFO 34921 --- [     parallel-1] c.s.a.filter.JwtAuthenticationFilter     : Authorization header for path /api/users/addresses: missing
2026-01-23T03:51:49.236+05:30 DEBUG 34921 --- [     parallel-1] c.s.a.security.SimpleJwtTokenProvider    : Extracting token from header: null
2026-01-23T03:51:49.236+05:30  WARN 34921 --- [     parallel-1] c.s.a.security.SimpleJwtTokenProvider    : Invalid or missing Bearer token in header
2026-01-23T03:51:49.236+05:30  WARN 34921 --- [     parallel-1] c.s.a.filter.JwtAuthenticationFilter     : No valid token found for protected path: /api/users/addresses
2026-01-23T03:51:49.236+05:30  WARN 34921 --- [     parallel-1] c.s.a.filter.JwtAuthenticationFilter     : Unauthorized access attempt: Missing or invalid authorization token
2026-01-23T03:51:49.267+05:30 DEBUG 34921 --- [     parallel-2] o.s.c.g.h.RoutePredicateHandlerMapping   : Route matched: merchantservice
2026-01-23T03:51:49.267+05:30 DEBUG 34921 --- [     parallel-2] o.s.c.g.h.RoutePredicateHandlerMapping   : Mapping [Exchange: GET http://localhost:8080/api/merchant/registration/status] to Route{id='merchantservice', uri=http://localhost:8089, order=0, predicate=Paths: [/api/merchant/**], match trailing slash: true, gatewayFilters=[], metadata={}}
2026-01-23T03:51:49.267+05:30 DEBUG 34921 --- [     parallel-2] o.s.c.g.h.RoutePredicateHandlerMapping   : [c566daa3-26] Mapped to org.springframework.cloud.gateway.handler.FilteringWebHandler@2cd27ab9
2026-01-23T03:51:49.268+05:30 DEBUG 34921 --- [     parallel-2] o.s.c.g.handler.FilteringWebHandler      : Sorted gatewayFilterFactories: [[GatewayFilterAdapter{delegate=org.springframework.cloud.gateway.filter.RemoveCachedBodyFilter@59831016}, order = -2147483648], [GatewayFilterAdapter{delegate=org.springframework.cloud.gateway.filter.AdaptCachedBodyGlobalFilter@4c114687}, order = -2147482648], [GatewayFilterAdapter{delegate=com.swachvega.apigateway.filter.JwtAuthenticationFilter@64e657b0}, order = -100], [GatewayFilterAdapter{delegate=com.swachvega.apigateway.security.MerchantApprovalEnforcementFilter@6c46dc02}, order = -85], [GatewayFilterAdapter{delegate=com.swachvega.apigateway.security.AdminEnforcementFilter@50013a15}, order = -80], [GatewayFilterAdapter{delegate=org.springframework.cloud.gateway.filter.NettyWriteResponseFilter@b5390}, order = -1], [GatewayFilterAdapter{delegate=org.springframework.cloud.gateway.filter.ForwardPathFilter@397dfbe8}, order = 0], [GatewayFilterAdapter{delegate=org.springframework.cloud.gateway.filter.GatewayMetricsFilter@3791af}, order = 0], [GatewayFilterAdapter{delegate=org.springframework.cloud.gateway.filter.RouteToRequestUrlFilter@37f71e8}, order = 10000], [GatewayFilterAdapter{delegate=org.springframework.cloud.gateway.config.GatewayNoLoadBalancerClientAutoConfiguration$NoLoadBalancerClientFilter@66fff42f}, order = 10150], [GatewayFilterAdapter{delegate=org.springframework.cloud.gateway.filter.WebsocketRoutingFilter@783f5f71}, order = 2147483646], [GatewayFilterAdapter{delegate=org.springframework.cloud.gateway.filter.NettyRoutingFilter@5606d537}, order = 2147483647], [GatewayFilterAdapter{delegate=org.springframework.cloud.gateway.filter.ForwardRoutingFilter@63b0b3dd}, order = 2147483647]]
2026-01-23T03:51:49.268+05:30  INFO 34921 --- [     parallel-2] c.s.a.filter.JwtAuthenticationFilter     : Processing request: GET /api/merchant/registration/status (normalized: /api/merchant/registration/status) - Checking if public path
2026-01-23T03:51:49.268+05:30  INFO 34921 --- [     parallel-2] c.s.a.filter.JwtAuthenticationFilter     : Protected path detected, checking authentication: /api/merchant/registration/status
2026-01-23T03:51:49.268+05:30  INFO 34921 --- [     parallel-2] c.s.a.filter.JwtAuthenticationFilter     : Authorization header for path /api/merchant/registration/status: missing
2026-01-23T03:51:49.268+05:30 DEBUG 34921 --- [     parallel-2] c.s.a.security.SimpleJwtTokenProvider    : Extracting token from header: null
2026-01-23T03:51:49.269+05:30  WARN 34921 --- [     parallel-2] c.s.a.security.SimpleJwtTokenProvider    : Invalid or missing Bearer token in header
2026-01-23T03:51:49.269+05:30  WARN 34921 --- [     parallel-2] c.s.a.filter.JwtAuthenticationFilter     : No valid token found for protected path: /api/merchant/registration/status
2026-01-23T03:51:49.271+05:30  WARN 34921 --- [     parallel-2] c.s.a.filter.JwtAuthenticationFilter     : Unauthorized access attempt: Missing or invalid authorization token
2026-01-23T03:51:49.326+05:30 DEBUG 34921 --- [     parallel-3] o.s.c.g.h.RoutePredicateHandlerMapping   : Route matched: cartservice
2026-01-23T03:51:49.326+05:30 DEBUG 34921 --- [     parallel-3] o.s.c.g.h.RoutePredicateHandlerMapping   : Mapping [Exchange: GET http://localhost:8080/api/cart] to Route{id='cartservice', uri=http://localhost:8088, order=0, predicate=Paths: [/api/cart/**], match trailing slash: true, gatewayFilters=[], metadata={}}
2026-01-23T03:51:49.327+05:30 DEBUG 34921 --- [     parallel-3] o.s.c.g.h.RoutePredicateHandlerMapping   : [adfe4b26-27] Mapped to org.springframework.cloud.gateway.handler.FilteringWebHandler@2cd27ab9
2026-01-23T03:51:49.327+05:30 DEBUG 34921 --- [     parallel-3] o.s.c.g.handler.FilteringWebHandler      : Sorted gatewayFilterFactories: [[GatewayFilterAdapter{delegate=org.springframework.cloud.gateway.filter.RemoveCachedBodyFilter@59831016}, order = -2147483648], [GatewayFilterAdapter{delegate=org.springframework.cloud.gateway.filter.AdaptCachedBodyGlobalFilter@4c114687}, order = -2147482648], [GatewayFilterAdapter{delegate=com.swachvega.apigateway.filter.JwtAuthenticationFilter@64e657b0}, order = -100], [GatewayFilterAdapter{delegate=com.swachvega.apigateway.security.MerchantApprovalEnforcementFilter@6c46dc02}, order = -85], [GatewayFilterAdapter{delegate=com.swachvega.apigateway.security.AdminEnforcementFilter@50013a15}, order = -80], [GatewayFilterAdapter{delegate=org.springframework.cloud.gateway.filter.NettyWriteResponseFilter@b5390}, order = -1], [GatewayFilterAdapter{delegate=org.springframework.cloud.gateway.filter.ForwardPathFilter@397dfbe8}, order = 0], [GatewayFilterAdapter{delegate=org.springframework.cloud.gateway.filter.GatewayMetricsFilter@3791af}, order = 0], [GatewayFilterAdapter{delegate=org.springframework.cloud.gateway.filter.RouteToRequestUrlFilter@37f71e8}, order = 10000], [GatewayFilterAdapter{delegate=org.springframework.cloud.gateway.config.GatewayNoLoadBalancerClientAutoConfiguration$NoLoadBalancerClientFilter@66fff42f}, order = 10150], [GatewayFilterAdapter{delegate=org.springframework.cloud.gateway.filter.WebsocketRoutingFilter@783f5f71}, order = 2147483646], [GatewayFilterAdapter{delegate=org.springframework.cloud.gateway.filter.NettyRoutingFilter@5606d537}, order = 2147483647], [GatewayFilterAdapter{delegate=org.springframework.cloud.gateway.filter.ForwardRoutingFilter@63b0b3dd}, order = 2147483647]]
2026-01-23T03:51:49.329+05:30  INFO 34921 --- [     parallel-3] c.s.a.filter.JwtAuthenticationFilter     : Processing request: GET /api/cart (normalized: /api/cart) - Checking if public path
2026-01-23T03:51:49.329+05:30  INFO 34921 --- [     parallel-3] c.s.a.filter.JwtAuthenticationFilter     : Protected path detected, checking authentication: /api/cart
2026-01-23T03:51:49.329+05:30  INFO 34921 --- [     parallel-3] c.s.a.filter.JwtAuthenticationFilter     : Authorization header for path /api/cart: missing
2026-01-23T03:51:49.329+05:30 DEBUG 34921 --- [     parallel-3] c.s.a.security.SimpleJwtTokenProvider    : Extracting token from header: null
2026-01-23T03:51:49.329+05:30  WARN 34921 --- [     parallel-3] c.s.a.security.SimpleJwtTokenProvider    : Invalid or missing Bearer token in header
2026-01-23T03:51:49.329+05:30  WARN 34921 --- [     parallel-3] c.s.a.filter.JwtAuthenticationFilter     : No valid token found for protected path: /api/cart
2026-01-23T03:51:49.329+05:30  WARN 34921 --- [     parallel-3] c.s.a.filter.JwtAuthenticationFilter     : Unauthorized access attempt: Missing or invalid authorization token
2026-01-23T03:51:49.410+05:30 DEBUG 34921 --- [     parallel-4] o.s.c.g.h.RoutePredicateHandlerMapping   : Route matched: orderservice
2026-01-23T03:51:49.411+05:30 DEBUG 34921 --- [     parallel-4] o.s.c.g.h.RoutePredicateHandlerMapping   : Mapping [Exchange: GET http://localhost:8080/api/orders] to Route{id='orderservice', uri=http://localhost:8086, order=0, predicate=Paths: [/api/orders/**, /api/trends/**], match trailing slash: true, gatewayFilters=[], metadata={}}
2026-01-23T03:51:49.411+05:30 DEBUG 34921 --- [     parallel-4] o.s.c.g.h.RoutePredicateHandlerMapping   : [8006b316-28] Mapped to org.springframework.cloud.gateway.handler.FilteringWebHandler@2cd27ab9
2026-01-23T03:51:49.412+05:30 DEBUG 34921 --- [     parallel-4] o.s.c.g.handler.FilteringWebHandler      : Sorted gatewayFilterFactories: [[GatewayFilterAdapter{delegate=org.springframework.cloud.gateway.filter.RemoveCachedBodyFilter@59831016}, order = -2147483648], [GatewayFilterAdapter{delegate=org.springframework.cloud.gateway.filter.AdaptCachedBodyGlobalFilter@4c114687}, order = -2147482648], [GatewayFilterAdapter{delegate=com.swachvega.apigateway.filter.JwtAuthenticationFilter@64e657b0}, order = -100], [GatewayFilterAdapter{delegate=com.swachvega.apigateway.security.MerchantApprovalEnforcementFilter@6c46dc02}, order = -85], [GatewayFilterAdapter{delegate=com.swachvega.apigateway.security.AdminEnforcementFilter@50013a15}, order = -80], [GatewayFilterAdapter{delegate=org.springframework.cloud.gateway.filter.NettyWriteResponseFilter@b5390}, order = -1], [GatewayFilterAdapter{delegate=org.springframework.cloud.gateway.filter.ForwardPathFilter@397dfbe8}, order = 0], [GatewayFilterAdapter{delegate=org.springframework.cloud.gateway.filter.GatewayMetricsFilter@3791af}, order = 0], [GatewayFilterAdapter{delegate=org.springframework.cloud.gateway.filter.RouteToRequestUrlFilter@37f71e8}, order = 10000], [GatewayFilterAdapter{delegate=org.springframework.cloud.gateway.config.GatewayNoLoadBalancerClientAutoConfiguration$NoLoadBalancerClientFilter@66fff42f}, order = 10150], [GatewayFilterAdapter{delegate=org.springframework.cloud.gateway.filter.WebsocketRoutingFilter@783f5f71}, order = 2147483646], [GatewayFilterAdapter{delegate=org.springframework.cloud.gateway.filter.NettyRoutingFilter@5606d537}, order = 2147483647], [GatewayFilterAdapter{delegate=org.springframework.cloud.gateway.filter.ForwardRoutingFilter@63b0b3dd}, order = 2147483647]]
2026-01-23T03:51:49.412+05:30  INFO 34921 --- [     parallel-4] c.s.a.filter.JwtAuthenticationFilter     : Processing request: GET /api/orders (normalized: /api/orders) - Checking if public path
2026-01-23T03:51:49.414+05:30  INFO 34921 --- [     parallel-4] c.s.a.filter.JwtAuthenticationFilter     : Protected path detected, checking authentication: /api/orders
2026-01-23T03:51:49.414+05:30  INFO 34921 --- [     parallel-4] c.s.a.filter.JwtAuthenticationFilter     : Authorization header for path /api/orders: missing
2026-01-23T03:51:49.414+05:30 DEBUG 34921 --- [     parallel-4] c.s.a.security.SimpleJwtTokenProvider    : Extracting token from header: null
2026-01-23T03:51:49.414+05:30  WARN 34921 --- [     parallel-4] c.s.a.security.SimpleJwtTokenProvider    : Invalid or missing Bearer token in header
2026-01-23T03:51:49.414+05:30  WARN 34921 --- [     parallel-4] c.s.a.filter.JwtAuthenticationFilter     : No valid token found for protected path: /api/orders
2026-01-23T03:51:49.414+05:30  WARN 34921 --- [     parallel-4] c.s.a.filter.JwtAuthenticationFilter     : Unauthorized access attempt: Missing or invalid authorization token
2026-01-23T03:51:49.448+05:30 DEBUG 34921 --- [     parallel-5] o.s.c.g.h.RoutePredicateHandlerMapping   : Route matched: orderservice
2026-01-23T03:51:49.448+05:30 DEBUG 34921 --- [     parallel-5] o.s.c.g.h.RoutePredicateHandlerMapping   : Mapping [Exchange: GET http://localhost:8080/api/trends/products] to Route{id='orderservice', uri=http://localhost:8086, order=0, predicate=Paths: [/api/orders/**, /api/trends/**], match trailing slash: true, gatewayFilters=[], metadata={}}
2026-01-23T03:51:49.448+05:30 DEBUG 34921 --- [     parallel-5] o.s.c.g.h.RoutePredicateHandlerMapping   : [39928bcb-29] Mapped to org.springframework.cloud.gateway.handler.FilteringWebHandler@2cd27ab9
2026-01-23T03:51:49.449+05:30 DEBUG 34921 --- [     parallel-5] o.s.c.g.handler.FilteringWebHandler      : Sorted gatewayFilterFactories: [[GatewayFilterAdapter{delegate=org.springframework.cloud.gateway.filter.RemoveCachedBodyFilter@59831016}, order = -2147483648], [GatewayFilterAdapter{delegate=org.springframework.cloud.gateway.filter.AdaptCachedBodyGlobalFilter@4c114687}, order = -2147482648], [GatewayFilterAdapter{delegate=com.swachvega.apigateway.filter.JwtAuthenticationFilter@64e657b0}, order = -100], [GatewayFilterAdapter{delegate=com.swachvega.apigateway.security.MerchantApprovalEnforcementFilter@6c46dc02}, order = -85], [GatewayFilterAdapter{delegate=com.swachvega.apigateway.security.AdminEnforcementFilter@50013a15}, order = -80], [GatewayFilterAdapter{delegate=org.springframework.cloud.gateway.filter.NettyWriteResponseFilter@b5390}, order = -1], [GatewayFilterAdapter{delegate=org.springframework.cloud.gateway.filter.ForwardPathFilter@397dfbe8}, order = 0], [GatewayFilterAdapter{delegate=org.springframework.cloud.gateway.filter.GatewayMetricsFilter@3791af}, order = 0], [GatewayFilterAdapter{delegate=org.springframework.cloud.gateway.filter.RouteToRequestUrlFilter@37f71e8}, order = 10000], [GatewayFilterAdapter{delegate=org.springframework.cloud.gateway.config.GatewayNoLoadBalancerClientAutoConfiguration$NoLoadBalancerClientFilter@66fff42f}, order = 10150], [GatewayFilterAdapter{delegate=org.springframework.cloud.gateway.filter.WebsocketRoutingFilter@783f5f71}, order = 2147483646], [GatewayFilterAdapter{delegate=org.springframework.cloud.gateway.filter.NettyRoutingFilter@5606d537}, order = 2147483647], [GatewayFilterAdapter{delegate=org.springframework.cloud.gateway.filter.ForwardRoutingFilter@63b0b3dd}, order = 2147483647]]
2026-01-23T03:51:49.449+05:30  INFO 34921 --- [     parallel-5] c.s.a.filter.JwtAuthenticationFilter     : Processing request: GET /api/trends/products (normalized: /api/trends/products) - Checking if public path
2026-01-23T03:51:49.449+05:30  INFO 34921 --- [     parallel-5] c.s.a.filter.JwtAuthenticationFilter     : Protected path detected, checking authentication: /api/trends/products
2026-01-23T03:51:49.449+05:30  INFO 34921 --- [     parallel-5] c.s.a.filter.JwtAuthenticationFilter     : Authorization header for path /api/trends/products: missing
2026-01-23T03:51:49.449+05:30 DEBUG 34921 --- [     parallel-5] c.s.a.security.SimpleJwtTokenProvider    : Extracting token from header: null
2026-01-23T03:51:49.449+05:30  WARN 34921 --- [     parallel-5] c.s.a.security.SimpleJwtTokenProvider    : Invalid or missing Bearer token in header
2026-01-23T03:51:49.449+05:30  WARN 34921 --- [     parallel-5] c.s.a.filter.JwtAuthenticationFilter     : No valid token found for protected path: /api/trends/products
2026-01-23T03:51:49.449+05:30  WARN 34921 --- [     parallel-5] c.s.a.filter.JwtAuthenticationFilter     : Unauthorized access attempt: Missing or invalid authorization token
2026-01-23T03:51:49.573+05:30 DEBUG 34921 --- [     parallel-7] o.s.c.g.h.RoutePredicateHandlerMapping   : Route matched: userservice-api-docs
2026-01-23T03:51:49.587+05:30 DEBUG 34921 --- [     parallel-7] o.s.c.g.h.RoutePredicateHandlerMapping   : Mapping [Exchange: GET http://localhost:8080/userservice/v3/api-docs] to Route{id='userservice-api-docs', uri=http://localhost:8081, order=0, predicate=Paths: [/userservice/v3/api-docs/**], match trailing slash: true, gatewayFilters=[[[RewritePath /userservice/v3/api-docs/(?<segment>.*) = '/v3/api-docs/${segment}'], order = 1]], metadata={}}
2026-01-23T03:51:49.587+05:30 DEBUG 34921 --- [     parallel-7] o.s.c.g.h.RoutePredicateHandlerMapping   : [490e8d1b-31] Mapped to org.springframework.cloud.gateway.handler.FilteringWebHandler@2cd27ab9
2026-01-23T03:51:49.588+05:30 DEBUG 34921 --- [     parallel-7] o.s.c.g.handler.FilteringWebHandler      : Sorted gatewayFilterFactories: [[GatewayFilterAdapter{delegate=org.springframework.cloud.gateway.filter.RemoveCachedBodyFilter@59831016}, order = -2147483648], [GatewayFilterAdapter{delegate=org.springframework.cloud.gateway.filter.AdaptCachedBodyGlobalFilter@4c114687}, order = -2147482648], [GatewayFilterAdapter{delegate=com.swachvega.apigateway.filter.JwtAuthenticationFilter@64e657b0}, order = -100], [GatewayFilterAdapter{delegate=com.swachvega.apigateway.security.MerchantApprovalEnforcementFilter@6c46dc02}, order = -85], [GatewayFilterAdapter{delegate=com.swachvega.apigateway.security.AdminEnforcementFilter@50013a15}, order = -80], [GatewayFilterAdapter{delegate=org.springframework.cloud.gateway.filter.NettyWriteResponseFilter@b5390}, order = -1], [GatewayFilterAdapter{delegate=org.springframework.cloud.gateway.filter.ForwardPathFilter@397dfbe8}, order = 0], [GatewayFilterAdapter{delegate=org.springframework.cloud.gateway.filter.GatewayMetricsFilter@3791af}, order = 0], [[RewritePath /userservice/v3/api-docs/(?<segment>.*) = '/v3/api-docs/${segment}'], order = 1], [GatewayFilterAdapter{delegate=org.springframework.cloud.gateway.filter.RouteToRequestUrlFilter@37f71e8}, order = 10000], [GatewayFilterAdapter{delegate=org.springframework.cloud.gateway.config.GatewayNoLoadBalancerClientAutoConfiguration$NoLoadBalancerClientFilter@66fff42f}, order = 10150], [GatewayFilterAdapter{delegate=org.springframework.cloud.gateway.filter.WebsocketRoutingFilter@783f5f71}, order = 2147483646], [GatewayFilterAdapter{delegate=org.springframework.cloud.gateway.filter.NettyRoutingFilter@5606d537}, order = 2147483647], [GatewayFilterAdapter{delegate=org.springframework.cloud.gateway.filter.ForwardRoutingFilter@63b0b3dd}, order = 2147483647]]
2026-01-23T03:51:49.588+05:30  INFO 34921 --- [     parallel-7] c.s.a.filter.JwtAuthenticationFilter     : Processing request: GET /userservice/v3/api-docs (normalized: /userservice/v3/api-docs) - Checking if public path
2026-01-23T03:51:49.588+05:30  INFO 34921 --- [     parallel-7] c.s.a.filter.JwtAuthenticationFilter     : Public path detected, skipping authentication: /userservice/v3/api-docs
2026-01-23T03:51:49.620+05:30 DEBUG 34921 --- [     parallel-7] g.f.h.o.ObservedRequestHttpHeadersFilter : Will instrument the HTTP request headers [Host:"localhost:8080", User-Agent:"curl/8.7.1", Accept:"*/*", Forwarded:"proto=http;host="localhost:8080";for="[0:0:0:0:0:0:0:1]:53854"", X-Forwarded-For:"0:0:0:0:0:0:0:1", X-Forwarded-Proto:"http", X-Forwarded-Port:"8080", X-Forwarded-Host:"localhost:8080"]
2026-01-23T03:51:49.635+05:30 DEBUG 34921 --- [     parallel-7] g.f.h.o.ObservedRequestHttpHeadersFilter : Client observation  {name=http.client.requests(null), error=null, context=name='http.client.requests', contextualName='null', error='null', lowCardinalityKeyValues=[http.method='GET', http.status_code='UNKNOWN', spring.cloud.gateway.route.id='userservice-api-docs', spring.cloud.gateway.route.uri='http://localhost:8081'], highCardinalityKeyValues=[http.uri='http://localhost:8080/userservice/v3/api-docs'], map=[class io.micrometer.core.instrument.Timer$Sample='io.micrometer.core.instrument.Timer$Sample@2686e2db', class io.micrometer.core.instrument.LongTaskTimer$Sample='SampleImpl{duration(seconds)=0.008231584, duration(nanos)=8231584.0, startTimeNanos=89366330038791}'], parentObservation=org.springframework.security.web.server.ObservationWebFilterChainDecorator$PhasedObservation@6384686f} created for the request. New headers are [Host:"localhost:8080", User-Agent:"curl/8.7.1", Accept:"*/*", Forwarded:"proto=http;host="localhost:8080";for="[0:0:0:0:0:0:0:1]:53854"", X-Forwarded-For:"0:0:0:0:0:0:0:1", X-Forwarded-Proto:"http", X-Forwarded-Port:"8080", X-Forwarded-Host:"localhost:8080"]
2026-01-23T03:51:50.529+05:30 DEBUG 34921 --- [ctor-http-nio-6] .f.h.o.ObservedResponseHttpHeadersFilter : Will instrument the response
2026-01-23T03:51:50.532+05:30 DEBUG 34921 --- [ctor-http-nio-6] .f.h.o.ObservedResponseHttpHeadersFilter : The response was handled for observation {name=http.client.requests(null), error=null, context=name='http.client.requests', contextualName='null', error='null', lowCardinalityKeyValues=[http.method='GET', http.status_code='UNKNOWN', spring.cloud.gateway.route.id='userservice-api-docs', spring.cloud.gateway.route.uri='http://localhost:8081'], highCardinalityKeyValues=[http.uri='http://localhost:8080/userservice/v3/api-docs'], map=[class io.micrometer.core.instrument.Timer$Sample='io.micrometer.core.instrument.Timer$Sample@2686e2db', class io.micrometer.core.instrument.LongTaskTimer$Sample='SampleImpl{duration(seconds)=0.907086875, duration(nanos)=9.07086875E8, startTimeNanos=89366330038791}'], parentObservation=org.springframework.security.web.server.ObservationWebFilterChainDecorator$PhasedObservation@6384686f}
2026-01-23T03:51:50.809+05:30 DEBUG 34921 --- [     parallel-2] o.s.c.g.h.RoutePredicateHandlerMapping   : Route matched: productservice-api-docs
2026-01-23T03:51:50.810+05:30 DEBUG 34921 --- [     parallel-2] o.s.c.g.h.RoutePredicateHandlerMapping   : Mapping [Exchange: GET http://localhost:8080/productservice/v3/api-docs] to Route{id='productservice-api-docs', uri=http://localhost:8082, order=0, predicate=Paths: [/productservice/v3/api-docs/**], match trailing slash: true, gatewayFilters=[[[RewritePath /productservice/v3/api-docs/(?<segment>.*) = '/v3/api-docs/${segment}'], order = 1]], metadata={}}
2026-01-23T03:51:50.811+05:30 DEBUG 34921 --- [     parallel-2] o.s.c.g.h.RoutePredicateHandlerMapping   : [8941e376-32] Mapped to org.springframework.cloud.gateway.handler.FilteringWebHandler@2cd27ab9
2026-01-23T03:51:50.811+05:30 DEBUG 34921 --- [     parallel-2] o.s.c.g.handler.FilteringWebHandler      : Sorted gatewayFilterFactories: [[GatewayFilterAdapter{delegate=org.springframework.cloud.gateway.filter.RemoveCachedBodyFilter@59831016}, order = -2147483648], [GatewayFilterAdapter{delegate=org.springframework.cloud.gateway.filter.AdaptCachedBodyGlobalFilter@4c114687}, order = -2147482648], [GatewayFilterAdapter{delegate=com.swachvega.apigateway.filter.JwtAuthenticationFilter@64e657b0}, order = -100], [GatewayFilterAdapter{delegate=com.swachvega.apigateway.security.MerchantApprovalEnforcementFilter@6c46dc02}, order = -85], [GatewayFilterAdapter{delegate=com.swachvega.apigateway.security.AdminEnforcementFilter@50013a15}, order = -80], [GatewayFilterAdapter{delegate=org.springframework.cloud.gateway.filter.NettyWriteResponseFilter@b5390}, order = -1], [GatewayFilterAdapter{delegate=org.springframework.cloud.gateway.filter.ForwardPathFilter@397dfbe8}, order = 0], [GatewayFilterAdapter{delegate=org.springframework.cloud.gateway.filter.GatewayMetricsFilter@3791af}, order = 0], [[RewritePath /productservice/v3/api-docs/(?<segment>.*) = '/v3/api-docs/${segment}'], order = 1], [GatewayFilterAdapter{delegate=org.springframework.cloud.gateway.filter.RouteToRequestUrlFilter@37f71e8}, order = 10000], [GatewayFilterAdapter{delegate=org.springframework.cloud.gateway.config.GatewayNoLoadBalancerClientAutoConfiguration$NoLoadBalancerClientFilter@66fff42f}, order = 10150], [GatewayFilterAdapter{delegate=org.springframework.cloud.gateway.filter.WebsocketRoutingFilter@783f5f71}, order = 2147483646], [GatewayFilterAdapter{delegate=org.springframework.cloud.gateway.filter.NettyRoutingFilter@5606d537}, order = 2147483647], [GatewayFilterAdapter{delegate=org.springframework.cloud.gateway.filter.ForwardRoutingFilter@63b0b3dd}, order = 2147483647]]
2026-01-23T03:51:50.811+05:30  INFO 34921 --- [     parallel-2] c.s.a.filter.JwtAuthenticationFilter     : Processing request: GET /productservice/v3/api-docs (normalized: /productservice/v3/api-docs) - Checking if public path
2026-01-23T03:51:50.811+05:30  INFO 34921 --- [     parallel-2] c.s.a.filter.JwtAuthenticationFilter     : Public path detected, skipping authentication: /productservice/v3/api-docs
2026-01-23T03:51:50.821+05:30 DEBUG 34921 --- [     parallel-2] g.f.h.o.ObservedRequestHttpHeadersFilter : Will instrument the HTTP request headers [Host:"localhost:8080", User-Agent:"curl/8.7.1", Accept:"*/*", Forwarded:"proto=http;host="localhost:8080";for="[0:0:0:0:0:0:0:1]:53856"", X-Forwarded-For:"0:0:0:0:0:0:0:1", X-Forwarded-Proto:"http", X-Forwarded-Port:"8080", X-Forwarded-Host:"localhost:8080"]
2026-01-23T03:51:50.822+05:30 DEBUG 34921 --- [     parallel-2] g.f.h.o.ObservedRequestHttpHeadersFilter : Client observation  {name=http.client.requests(null), error=null, context=name='http.client.requests', contextualName='null', error='null', lowCardinalityKeyValues=[http.method='GET', http.status_code='UNKNOWN', spring.cloud.gateway.route.id='productservice-api-docs', spring.cloud.gateway.route.uri='http://localhost:8082'], highCardinalityKeyValues=[http.uri='http://localhost:8080/productservice/v3/api-docs'], map=[class io.micrometer.core.instrument.Timer$Sample='io.micrometer.core.instrument.Timer$Sample@63208ebd', class io.micrometer.core.instrument.LongTaskTimer$Sample='SampleImpl{duration(seconds)=3.56959E-4, duration(nanos)=356959.0, startTimeNanos=89367527567041}'], parentObservation=org.springframework.security.web.server.ObservationWebFilterChainDecorator$PhasedObservation@a0a335a} created for the request. New headers are [Host:"localhost:8080", User-Agent:"curl/8.7.1", Accept:"*/*", Forwarded:"proto=http;host="localhost:8080";for="[0:0:0:0:0:0:0:1]:53856"", X-Forwarded-For:"0:0:0:0:0:0:0:1", X-Forwarded-Proto:"http", X-Forwarded-Port:"8080", X-Forwarded-Host:"localhost:8080"]
2026-01-23T03:51:51.502+05:30 DEBUG 34921 --- [ctor-http-nio-8] .f.h.o.ObservedResponseHttpHeadersFilter : Will instrument the response
2026-01-23T03:51:51.509+05:30 DEBUG 34921 --- [ctor-http-nio-8] .f.h.o.ObservedResponseHttpHeadersFilter : The response was handled for observation {name=http.client.requests(null), error=null, context=name='http.client.requests', contextualName='null', error='null', lowCardinalityKeyValues=[http.method='GET', http.status_code='UNKNOWN', spring.cloud.gateway.route.id='productservice-api-docs', spring.cloud.gateway.route.uri='http://localhost:8082'], highCardinalityKeyValues=[http.uri='http://localhost:8080/productservice/v3/api-docs'], map=[class io.micrometer.core.instrument.Timer$Sample='io.micrometer.core.instrument.Timer$Sample@63208ebd', class io.micrometer.core.instrument.LongTaskTimer$Sample='SampleImpl{duration(seconds)=0.682049167, duration(nanos)=6.82049167E8, startTimeNanos=89367527567041}'], parentObservation=org.springframework.security.web.server.ObservationWebFilterChainDecorator$PhasedObservation@a0a335a}
2026-01-23T03:51:51.724+05:30 DEBUG 34921 --- [     parallel-5] o.s.c.g.h.RoutePredicateHandlerMapping   : Route matched: orderservice-api-docs
2026-01-23T03:51:51.726+05:30 DEBUG 34921 --- [     parallel-5] o.s.c.g.h.RoutePredicateHandlerMapping   : Mapping [Exchange: GET http://localhost:8080/orderservice/v3/api-docs] to Route{id='orderservice-api-docs', uri=http://localhost:8086, order=0, predicate=Paths: [/orderservice/v3/api-docs/**], match trailing slash: true, gatewayFilters=[[[RewritePath /orderservice/v3/api-docs/(?<segment>.*) = '/v3/api-docs/${segment}'], order = 1]], metadata={}}
2026-01-23T03:51:51.726+05:30 DEBUG 34921 --- [     parallel-5] o.s.c.g.h.RoutePredicateHandlerMapping   : [7c212a1f-33] Mapped to org.springframework.cloud.gateway.handler.FilteringWebHandler@2cd27ab9
2026-01-23T03:51:51.727+05:30 DEBUG 34921 --- [     parallel-5] o.s.c.g.handler.FilteringWebHandler      : Sorted gatewayFilterFactories: [[GatewayFilterAdapter{delegate=org.springframework.cloud.gateway.filter.RemoveCachedBodyFilter@59831016}, order = -2147483648], [GatewayFilterAdapter{delegate=org.springframework.cloud.gateway.filter.AdaptCachedBodyGlobalFilter@4c114687}, order = -2147482648], [GatewayFilterAdapter{delegate=com.swachvega.apigateway.filter.JwtAuthenticationFilter@64e657b0}, order = -100], [GatewayFilterAdapter{delegate=com.swachvega.apigateway.security.MerchantApprovalEnforcementFilter@6c46dc02}, order = -85], [GatewayFilterAdapter{delegate=com.swachvega.apigateway.security.AdminEnforcementFilter@50013a15}, order = -80], [GatewayFilterAdapter{delegate=org.springframework.cloud.gateway.filter.NettyWriteResponseFilter@b5390}, order = -1], [GatewayFilterAdapter{delegate=org.springframework.cloud.gateway.filter.ForwardPathFilter@397dfbe8}, order = 0], [GatewayFilterAdapter{delegate=org.springframework.cloud.gateway.filter.GatewayMetricsFilter@3791af}, order = 0], [[RewritePath /orderservice/v3/api-docs/(?<segment>.*) = '/v3/api-docs/${segment}'], order = 1], [GatewayFilterAdapter{delegate=org.springframework.cloud.gateway.filter.RouteToRequestUrlFilter@37f71e8}, order = 10000], [GatewayFilterAdapter{delegate=org.springframework.cloud.gateway.config.GatewayNoLoadBalancerClientAutoConfiguration$NoLoadBalancerClientFilter@66fff42f}, order = 10150], [GatewayFilterAdapter{delegate=org.springframework.cloud.gateway.filter.WebsocketRoutingFilter@783f5f71}, order = 2147483646], [GatewayFilterAdapter{delegate=org.springframework.cloud.gateway.filter.NettyRoutingFilter@5606d537}, order = 2147483647], [GatewayFilterAdapter{delegate=org.springframework.cloud.gateway.filter.ForwardRoutingFilter@63b0b3dd}, order = 2147483647]]
2026-01-23T03:51:51.727+05:30  INFO 34921 --- [     parallel-5] c.s.a.filter.JwtAuthenticationFilter     : Processing request: GET /orderservice/v3/api-docs (normalized: /orderservice/v3/api-docs) - Checking if public path
2026-01-23T03:51:51.728+05:30  INFO 34921 --- [     parallel-5] c.s.a.filter.JwtAuthenticationFilter     : Public path detected, skipping authentication: /orderservice/v3/api-docs
2026-01-23T03:51:51.732+05:30 DEBUG 34921 --- [     parallel-5] g.f.h.o.ObservedRequestHttpHeadersFilter : Will instrument the HTTP request headers [Host:"localhost:8080", User-Agent:"curl/8.7.1", Accept:"*/*", Forwarded:"proto=http;host="localhost:8080";for="[0:0:0:0:0:0:0:1]:53863"", X-Forwarded-For:"0:0:0:0:0:0:0:1", X-Forwarded-Proto:"http", X-Forwarded-Port:"8080", X-Forwarded-Host:"localhost:8080"]
2026-01-23T03:51:51.733+05:30 DEBUG 34921 --- [     parallel-5] g.f.h.o.ObservedRequestHttpHeadersFilter : Client observation  {name=http.client.requests(null), error=null, context=name='http.client.requests', contextualName='null', error='null', lowCardinalityKeyValues=[http.method='GET', http.status_code='UNKNOWN', spring.cloud.gateway.route.id='orderservice-api-docs', spring.cloud.gateway.route.uri='http://localhost:8086'], highCardinalityKeyValues=[http.uri='http://localhost:8080/orderservice/v3/api-docs'], map=[class io.micrometer.core.instrument.Timer$Sample='io.micrometer.core.instrument.Timer$Sample@63b1d489', class io.micrometer.core.instrument.LongTaskTimer$Sample='SampleImpl{duration(seconds)=1.95208E-4, duration(nanos)=195208.0, startTimeNanos=89368438257875}'], parentObservation=org.springframework.security.web.server.ObservationWebFilterChainDecorator$PhasedObservation@78cf1591} created for the request. New headers are [Host:"localhost:8080", User-Agent:"curl/8.7.1", Accept:"*/*", Forwarded:"proto=http;host="localhost:8080";for="[0:0:0:0:0:0:0:1]:53863"", X-Forwarded-For:"0:0:0:0:0:0:0:1", X-Forwarded-Proto:"http", X-Forwarded-Port:"8080", X-Forwarded-Host:"localhost:8080"]
2026-01-23T03:51:52.356+05:30 DEBUG 34921 --- [ctor-http-nio-2] .f.h.o.ObservedResponseHttpHeadersFilter : Will instrument the response
2026-01-23T03:51:52.365+05:30 DEBUG 34921 --- [ctor-http-nio-2] .f.h.o.ObservedResponseHttpHeadersFilter : The response was handled for observation {name=http.client.requests(null), error=null, context=name='http.client.requests', contextualName='null', error='null', lowCardinalityKeyValues=[http.method='GET', http.status_code='UNKNOWN', spring.cloud.gateway.route.id='orderservice-api-docs', spring.cloud.gateway.route.uri='http://localhost:8086'], highCardinalityKeyValues=[http.uri='http://localhost:8080/orderservice/v3/api-docs'], map=[class io.micrometer.core.instrument.Timer$Sample='io.micrometer.core.instrument.Timer$Sample@63b1d489', class io.micrometer.core.instrument.LongTaskTimer$Sample='SampleImpl{duration(seconds)=0.631661291, duration(nanos)=6.31661291E8, startTimeNanos=89368438257875}'], parentObservation=org.springframework.security.web.server.ObservationWebFilterChainDecorator$PhasedObservation@78cf1591}
2026-01-23T03:53:44.087+05:30  INFO 34921 --- [ctor-http-nio-3] c.s.a.controller.AuthController          : OTP verification for phone: 9000000001
2026-01-23T03:53:45.193+05:30 DEBUG 34921 --- [ctor-http-nio-3] c.s.a.security.SimpleJwtTokenProvider    : Generated access token for user 3309c69c-e41a-4ba4-a76d-7bf4ef300817 with expiry 2026-01-22T22:38:45.154553Z and claims: [sub, role, isPhoneVerified, loginType, fullName, sessionId, type, features, phoneNumber, permissions, iat, email, jti, username]
2026-01-23T03:53:45.196+05:30 DEBUG 34921 --- [ctor-http-nio-3] c.s.a.security.SimpleJwtTokenProvider    : Generated refresh token for user 3309c69c-e41a-4ba4-a76d-7bf4ef300817 with expiry 2026-02-21T22:23:45.194018Z
2026-01-23T03:54:24.970+05:30 DEBUG 34921 --- [     parallel-1] o.s.c.g.h.RoutePredicateHandlerMapping   : Route matched: userservice
2026-01-23T03:54:24.976+05:30 DEBUG 34921 --- [     parallel-1] o.s.c.g.h.RoutePredicateHandlerMapping   : Mapping [Exchange: DELETE http://127.0.0.1:8080/api/users/addresses/442c3e79-14cd-45d4-bb63-086d0cb6ed0f] to Route{id='userservice', uri=http://localhost:8081, order=0, predicate=Paths: [/api/users/**], match trailing slash: true, gatewayFilters=[], metadata={}}
2026-01-23T03:54:24.976+05:30 DEBUG 34921 --- [     parallel-1] o.s.c.g.h.RoutePredicateHandlerMapping   : [ed116860-35] Mapped to org.springframework.cloud.gateway.handler.FilteringWebHandler@2cd27ab9
2026-01-23T03:54:24.980+05:30 DEBUG 34921 --- [     parallel-1] o.s.c.g.handler.FilteringWebHandler      : Sorted gatewayFilterFactories: [[GatewayFilterAdapter{delegate=org.springframework.cloud.gateway.filter.RemoveCachedBodyFilter@59831016}, order = -2147483648], [GatewayFilterAdapter{delegate=org.springframework.cloud.gateway.filter.AdaptCachedBodyGlobalFilter@4c114687}, order = -2147482648], [GatewayFilterAdapter{delegate=com.swachvega.apigateway.filter.JwtAuthenticationFilter@64e657b0}, order = -100], [GatewayFilterAdapter{delegate=com.swachvega.apigateway.security.MerchantApprovalEnforcementFilter@6c46dc02}, order = -85], [GatewayFilterAdapter{delegate=com.swachvega.apigateway.security.AdminEnforcementFilter@50013a15}, order = -80], [GatewayFilterAdapter{delegate=org.springframework.cloud.gateway.filter.NettyWriteResponseFilter@b5390}, order = -1], [GatewayFilterAdapter{delegate=org.springframework.cloud.gateway.filter.ForwardPathFilter@397dfbe8}, order = 0], [GatewayFilterAdapter{delegate=org.springframework.cloud.gateway.filter.GatewayMetricsFilter@3791af}, order = 0], [GatewayFilterAdapter{delegate=org.springframework.cloud.gateway.filter.RouteToRequestUrlFilter@37f71e8}, order = 10000], [GatewayFilterAdapter{delegate=org.springframework.cloud.gateway.config.GatewayNoLoadBalancerClientAutoConfiguration$NoLoadBalancerClientFilter@66fff42f}, order = 10150], [GatewayFilterAdapter{delegate=org.springframework.cloud.gateway.filter.WebsocketRoutingFilter@783f5f71}, order = 2147483646], [GatewayFilterAdapter{delegate=org.springframework.cloud.gateway.filter.NettyRoutingFilter@5606d537}, order = 2147483647], [GatewayFilterAdapter{delegate=org.springframework.cloud.gateway.filter.ForwardRoutingFilter@63b0b3dd}, order = 2147483647]]
2026-01-23T03:54:24.986+05:30  INFO 34921 --- [     parallel-1] c.s.a.filter.JwtAuthenticationFilter     : Processing request: DELETE /api/users/addresses/442c3e79-14cd-45d4-bb63-086d0cb6ed0f (normalized: /api/users/addresses/442c3e79-14cd-45d4-bb63-086d0cb6ed0f) - Checking if public path
2026-01-23T03:54:24.988+05:30  INFO 34921 --- [     parallel-1] c.s.a.filter.JwtAuthenticationFilter     : Protected path detected, checking authentication: /api/users/addresses/442c3e79-14cd-45d4-bb63-086d0cb6ed0f
2026-01-23T03:54:24.988+05:30  INFO 34921 --- [     parallel-1] c.s.a.filter.JwtAuthenticationFilter     : Authorization header for path /api/users/addresses/442c3e79-14cd-45d4-bb63-086d0cb6ed0f: Bearer ***
2026-01-23T03:54:24.988+05:30 DEBUG 34921 --- [     parallel-1] c.s.a.security.SimpleJwtTokenProvider    : Extracting token from header: Bearer ***
2026-01-23T03:54:24.989+05:30 DEBUG 34921 --- [     parallel-1] c.s.a.security.SimpleJwtTokenProvider    : Token extracted successfully
2026-01-23T03:54:24.989+05:30  INFO 34921 --- [     parallel-1] c.s.a.filter.JwtAuthenticationFilter     : Token extracted successfully, validating for path: /api/users/addresses/442c3e79-14cd-45d4-bb63-086d0cb6ed0f
2026-01-23T03:54:24.989+05:30 DEBUG 34921 --- [     parallel-1] c.s.a.security.SimpleJwtTokenProvider    : Validating access token: eyJhbGciOiJIUzUxMiJ9...
2026-01-23T03:54:25.009+05:30 DEBUG 34921 --- [     parallel-1] c.s.a.security.SimpleJwtTokenProvider    : Token validation successful for user: 3309c69c-e41a-4ba4-a76d-7bf4ef300817
2026-01-23T03:54:25.009+05:30  INFO 34921 --- [     parallel-1] c.s.a.filter.JwtAuthenticationFilter     : Token validated successfully for user: 3309c69c-e41a-4ba4-a76d-7bf4ef300817 on path: /api/users/addresses/442c3e79-14cd-45d4-bb63-086d0cb6ed0f
2026-01-23T03:54:25.011+05:30  INFO 34921 --- [     parallel-1] c.s.a.filter.JwtAuthenticationFilter     : Proceeding to downstream service for path: /api/users/addresses/442c3e79-14cd-45d4-bb63-086d0cb6ed0f
2026-01-23T03:54:25.026+05:30 DEBUG 34921 --- [     parallel-1] g.f.h.o.ObservedRequestHttpHeadersFilter : Will instrument the HTTP request headers [Host:"127.0.0.1:8080", Cookie:"JSESSIONID=C54FFBDDE67A450A97AA70112AB7CD8E", User-Agent:"insomnia/11.2.0", Authorization:"Bearer eyJhbGciOiJIUzUxMiJ9.eyJzdWIiOiIzMzA5YzY5Yy1lNDFhLTRiYTQtYTc2ZC03YmY0ZWYzMDA4MTciLCJpc3MiOiJzd2FjaHZlZ2EiLCJhdWQiOlsic3dhY2h2ZWdhLWNsaWVudHMiXSwiaWF0IjoxNzY5MTIwNjI1LCJuYmYiOjE3NjkxMjA2MjUsImV4cCI6MTc2OTEyMTUyNSwianRpIjoiMzBlMjc2NmUtNzQ0OC00MDdlLTgzNGItY2M3ZTNlZDJkZWJlIiwicm9sZSI6IkNPTlNVTUVSIiwiaXNQaG9uZVZlcmlmaWVkIjp0cnVlLCJsb2dpblR5cGUiOiJwaG9uZV9vdHAiLCJmdWxsTmFtZSI6Im51bGwgbnVsbCIsInNlc3Npb25JZCI6ImNiYzhkNjhjLWQ3OWMtNDM5ZC1iYWM5LTBhMDRmYTljNTlkNSIsInR5cGUiOiJhY2Nlc3MiLCJmZWF0dXJlcyI6WyJTSE9QUElORyIsIk9SREVSX1RSQUNLSU5HIiwiRkFWT1JJVEVTIiwiUkVWSUVXUyIsIldBTExFVCIsIlBST0ZJTEUiXSwicGhvbmVOdW1iZXIiOiIrOTE5MDAwMDAwMDAxIiwicGVybWlzc2lvbnMiOlsiUkVBRCIsIldSSVRFIiwiUExBQ0VfT1JERVJTIiwiVklFV19PUkRFUl9ISVNUT1JZIiwiTUFOQUdFX1BST0ZJTEUiXSwiZW1haWwiOiJ0ZXN0dXNlcjFAc3dhY2h2ZWdhLmNvbSJ9.QKLxqmtIZ4XfUfgYRxhkKjNYsM6-feaSfqPOPVbaripxsyu42kUPBC2CPtJZC4u4Vsas5QcPahMx656mXx20Dg", Accept:"*/*", X-User-Id:"3309c69c-e41a-4ba4-a76d-7bf4ef300817", X-Username:"testuser1@swachvega.com", X-User-Role:"CONSUMER", X-Session-Id:"cbc8d68c-d79c-439d-bac9-0a04fa9c59d5", X-User-Email:"testuser1@swachvega.com", X-User-FullName:"null null", X-User-Phone:"+919000000001", X-Token-IssuedAt:"1769120625", X-Token-ExpiresAt:"1769121525", X-Token-Id:"30e2766e-7448-407e-834b-cc7e3ed2debe", Forwarded:"proto=http;host="127.0.0.1:8080";for="127.0.0.1:54103"", X-Forwarded-For:"127.0.0.1", X-Forwarded-Proto:"http", X-Forwarded-Port:"8080", X-Forwarded-Host:"127.0.0.1:8080"]
2026-01-23T03:54:25.029+05:30 DEBUG 34921 --- [     parallel-1] g.f.h.o.ObservedRequestHttpHeadersFilter : Client observation  {name=http.client.requests(null), error=null, context=name='http.client.requests', contextualName='null', error='null', lowCardinalityKeyValues=[http.method='DELETE', http.status_code='UNKNOWN', spring.cloud.gateway.route.id='userservice', spring.cloud.gateway.route.uri='http://localhost:8081'], highCardinalityKeyValues=[http.uri='http://127.0.0.1:8080/api/users/addresses/442c3e79-14cd-45d4-bb63-086d0cb6ed0f'], map=[class io.micrometer.core.instrument.Timer$Sample='io.micrometer.core.instrument.Timer$Sample@3d5dcdb0', class io.micrometer.core.instrument.LongTaskTimer$Sample='SampleImpl{duration(seconds)=0.001786875, duration(nanos)=1786875.0, startTimeNanos=89521727380791}'], parentObservation=org.springframework.security.web.server.ObservationWebFilterChainDecorator$PhasedObservation@547b04c9} created for the request. New headers are [Host:"127.0.0.1:8080", Cookie:"JSESSIONID=C54FFBDDE67A450A97AA70112AB7CD8E", User-Agent:"insomnia/11.2.0", Authorization:"Bearer eyJhbGciOiJIUzUxMiJ9.eyJzdWIiOiIzMzA5YzY5Yy1lNDFhLTRiYTQtYTc2ZC03YmY0ZWYzMDA4MTciLCJpc3MiOiJzd2FjaHZlZ2EiLCJhdWQiOlsic3dhY2h2ZWdhLWNsaWVudHMiXSwiaWF0IjoxNzY5MTIwNjI1LCJuYmYiOjE3NjkxMjA2MjUsImV4cCI6MTc2OTEyMTUyNSwianRpIjoiMzBlMjc2NmUtNzQ0OC00MDdlLTgzNGItY2M3ZTNlZDJkZWJlIiwicm9sZSI6IkNPTlNVTUVSIiwiaXNQaG9uZVZlcmlmaWVkIjp0cnVlLCJsb2dpblR5cGUiOiJwaG9uZV9vdHAiLCJmdWxsTmFtZSI6Im51bGwgbnVsbCIsInNlc3Npb25JZCI6ImNiYzhkNjhjLWQ3OWMtNDM5ZC1iYWM5LTBhMDRmYTljNTlkNSIsInR5cGUiOiJhY2Nlc3MiLCJmZWF0dXJlcyI6WyJTSE9QUElORyIsIk9SREVSX1RSQUNLSU5HIiwiRkFWT1JJVEVTIiwiUkVWSUVXUyIsIldBTExFVCIsIlBST0ZJTEUiXSwicGhvbmVOdW1iZXIiOiIrOTE5MDAwMDAwMDAxIiwicGVybWlzc2lvbnMiOlsiUkVBRCIsIldSSVRFIiwiUExBQ0VfT1JERVJTIiwiVklFV19PUkRFUl9ISVNUT1JZIiwiTUFOQUdFX1BST0ZJTEUiXSwiZW1haWwiOiJ0ZXN0dXNlcjFAc3dhY2h2ZWdhLmNvbSJ9.QKLxqmtIZ4XfUfgYRxhkKjNYsM6-feaSfqPOPVbaripxsyu42kUPBC2CPtJZC4u4Vsas5QcPahMx656mXx20Dg", Accept:"*/*", X-User-Id:"3309c69c-e41a-4ba4-a76d-7bf4ef300817", X-Username:"testuser1@swachvega.com", X-User-Role:"CONSUMER", X-Session-Id:"cbc8d68c-d79c-439d-bac9-0a04fa9c59d5", X-User-Email:"testuser1@swachvega.com", X-User-FullName:"null null", X-User-Phone:"+919000000001", X-Token-IssuedAt:"1769120625", X-Token-ExpiresAt:"1769121525", X-Token-Id:"30e2766e-7448-407e-834b-cc7e3ed2debe", Forwarded:"proto=http;host="127.0.0.1:8080";for="127.0.0.1:54103"", X-Forwarded-For:"127.0.0.1", X-Forwarded-Proto:"http", X-Forwarded-Port:"8080", X-Forwarded-Host:"127.0.0.1:8080"]
2026-01-23T03:54:25.857+05:30 DEBUG 34921 --- [ctor-http-nio-4] .f.h.o.ObservedResponseHttpHeadersFilter : Will instrument the response
2026-01-23T03:54:25.858+05:30 DEBUG 34921 --- [ctor-http-nio-4] .f.h.o.ObservedResponseHttpHeadersFilter : The response was handled for observation {name=http.client.requests(null), error=null, context=name='http.client.requests', contextualName='null', error='null', lowCardinalityKeyValues=[http.method='DELETE', http.status_code='UNKNOWN', spring.cloud.gateway.route.id='userservice', spring.cloud.gateway.route.uri='http://localhost:8081'], highCardinalityKeyValues=[http.uri='http://127.0.0.1:8080/api/users/addresses/442c3e79-14cd-45d4-bb63-086d0cb6ed0f'], map=[class io.micrometer.core.instrument.Timer$Sample='io.micrometer.core.instrument.Timer$Sample@3d5dcdb0', class io.micrometer.core.instrument.LongTaskTimer$Sample='SampleImpl{duration(seconds)=0.830268625, duration(nanos)=8.30268625E8, startTimeNanos=89521727380791}'], parentObservation=org.springframework.security.web.server.ObservationWebFilterChainDecorator$PhasedObservation@547b04c9}
2026-01-23T03:54:44.852+05:30 DEBUG 34921 --- [     parallel-4] o.s.c.g.h.RoutePredicateHandlerMapping   : Route matched: cartservice
2026-01-23T03:54:44.852+05:30 DEBUG 34921 --- [     parallel-4] o.s.c.g.h.RoutePredicateHandlerMapping   : Mapping [Exchange: GET http://127.0.0.1:8080/api/cart] to Route{id='cartservice', uri=http://localhost:8088, order=0, predicate=Paths: [/api/cart/**], match trailing slash: true, gatewayFilters=[], metadata={}}
2026-01-23T03:54:44.852+05:30 DEBUG 34921 --- [     parallel-4] o.s.c.g.h.RoutePredicateHandlerMapping   : [ed116860-36] Mapped to org.springframework.cloud.gateway.handler.FilteringWebHandler@2cd27ab9
2026-01-23T03:54:44.853+05:30 DEBUG 34921 --- [     parallel-4] o.s.c.g.handler.FilteringWebHandler      : Sorted gatewayFilterFactories: [[GatewayFilterAdapter{delegate=org.springframework.cloud.gateway.filter.RemoveCachedBodyFilter@59831016}, order = -2147483648], [GatewayFilterAdapter{delegate=org.springframework.cloud.gateway.filter.AdaptCachedBodyGlobalFilter@4c114687}, order = -2147482648], [GatewayFilterAdapter{delegate=com.swachvega.apigateway.filter.JwtAuthenticationFilter@64e657b0}, order = -100], [GatewayFilterAdapter{delegate=com.swachvega.apigateway.security.MerchantApprovalEnforcementFilter@6c46dc02}, order = -85], [GatewayFilterAdapter{delegate=com.swachvega.apigateway.security.AdminEnforcementFilter@50013a15}, order = -80], [GatewayFilterAdapter{delegate=org.springframework.cloud.gateway.filter.NettyWriteResponseFilter@b5390}, order = -1], [GatewayFilterAdapter{delegate=org.springframework.cloud.gateway.filter.ForwardPathFilter@397dfbe8}, order = 0], [GatewayFilterAdapter{delegate=org.springframework.cloud.gateway.filter.GatewayMetricsFilter@3791af}, order = 0], [GatewayFilterAdapter{delegate=org.springframework.cloud.gateway.filter.RouteToRequestUrlFilter@37f71e8}, order = 10000], [GatewayFilterAdapter{delegate=org.springframework.cloud.gateway.config.GatewayNoLoadBalancerClientAutoConfiguration$NoLoadBalancerClientFilter@66fff42f}, order = 10150], [GatewayFilterAdapter{delegate=org.springframework.cloud.gateway.filter.WebsocketRoutingFilter@783f5f71}, order = 2147483646], [GatewayFilterAdapter{delegate=org.springframework.cloud.gateway.filter.NettyRoutingFilter@5606d537}, order = 2147483647], [GatewayFilterAdapter{delegate=org.springframework.cloud.gateway.filter.ForwardRoutingFilter@63b0b3dd}, order = 2147483647]]
2026-01-23T03:54:44.857+05:30  INFO 34921 --- [     parallel-4] c.s.a.filter.JwtAuthenticationFilter     : Processing request: GET /api/cart (normalized: /api/cart) - Checking if public path
2026-01-23T03:54:44.859+05:30  INFO 34921 --- [     parallel-4] c.s.a.filter.JwtAuthenticationFilter     : Protected path detected, checking authentication: /api/cart
2026-01-23T03:54:44.859+05:30  INFO 34921 --- [     parallel-4] c.s.a.filter.JwtAuthenticationFilter     : Authorization header for path /api/cart: Bearer ***
2026-01-23T03:54:44.859+05:30 DEBUG 34921 --- [     parallel-4] c.s.a.security.SimpleJwtTokenProvider    : Extracting token from header: Bearer ***
2026-01-23T03:54:44.859+05:30 DEBUG 34921 --- [     parallel-4] c.s.a.security.SimpleJwtTokenProvider    : Token extracted successfully
2026-01-23T03:54:44.860+05:30  INFO 34921 --- [     parallel-4] c.s.a.filter.JwtAuthenticationFilter     : Token extracted successfully, validating for path: /api/cart
2026-01-23T03:54:44.861+05:30 DEBUG 34921 --- [     parallel-4] c.s.a.security.SimpleJwtTokenProvider    : Validating access token: 442c3e79-14cd-45d4-b...
2026-01-23T03:54:44.863+05:30  WARN 34921 --- [     parallel-4] c.s.a.security.SimpleJwtTokenProvider    : Malformed token: Invalid compact JWT string: Compact JWSs must contain exactly 2 period characters, and compact JWEs must contain exactly 4.  Found: 0
2026-01-23T03:54:44.864+05:30 ERROR 34921 --- [     parallel-4] c.s.a.security.SimpleJwtTokenProvider    : Token validation failed: Malformed token
2026-01-23T03:54:44.864+05:30 DEBUG 34921 --- [     parallel-4] c.s.a.security.SimpleJwtTokenProvider    : Returning empty due to validation error: Malformed token
2026-01-23T03:54:44.866+05:30  WARN 34921 --- [     parallel-4] c.s.a.filter.JwtAuthenticationFilter     : Token validation failed - empty result (likely expired or invalid type) for path: /api/cart
2026-01-23T03:54:44.866+05:30  WARN 34921 --- [     parallel-4] c.s.a.filter.JwtAuthenticationFilter     : Unauthorized access attempt: Invalid or expired token
2026-01-23T03:54:56.286+05:30 DEBUG 34921 --- [     parallel-5] o.s.c.g.h.RoutePredicateHandlerMapping   : Route matched: cartservice
2026-01-23T03:54:56.288+05:30 DEBUG 34921 --- [     parallel-5] o.s.c.g.h.RoutePredicateHandlerMapping   : Mapping [Exchange: GET http://127.0.0.1:8080/api/cart] to Route{id='cartservice', uri=http://localhost:8088, order=0, predicate=Paths: [/api/cart/**], match trailing slash: true, gatewayFilters=[], metadata={}}
2026-01-23T03:54:56.288+05:30 DEBUG 34921 --- [     parallel-5] o.s.c.g.h.RoutePredicateHandlerMapping   : [ed116860-37] Mapped to org.springframework.cloud.gateway.handler.FilteringWebHandler@2cd27ab9
2026-01-23T03:54:56.289+05:30 DEBUG 34921 --- [     parallel-5] o.s.c.g.handler.FilteringWebHandler      : Sorted gatewayFilterFactories: [[GatewayFilterAdapter{delegate=org.springframework.cloud.gateway.filter.RemoveCachedBodyFilter@59831016}, order = -2147483648], [GatewayFilterAdapter{delegate=org.springframework.cloud.gateway.filter.AdaptCachedBodyGlobalFilter@4c114687}, order = -2147482648], [GatewayFilterAdapter{delegate=com.swachvega.apigateway.filter.JwtAuthenticationFilter@64e657b0}, order = -100], [GatewayFilterAdapter{delegate=com.swachvega.apigateway.security.MerchantApprovalEnforcementFilter@6c46dc02}, order = -85], [GatewayFilterAdapter{delegate=com.swachvega.apigateway.security.AdminEnforcementFilter@50013a15}, order = -80], [GatewayFilterAdapter{delegate=org.springframework.cloud.gateway.filter.NettyWriteResponseFilter@b5390}, order = -1], [GatewayFilterAdapter{delegate=org.springframework.cloud.gateway.filter.ForwardPathFilter@397dfbe8}, order = 0], [GatewayFilterAdapter{delegate=org.springframework.cloud.gateway.filter.GatewayMetricsFilter@3791af}, order = 0], [GatewayFilterAdapter{delegate=org.springframework.cloud.gateway.filter.RouteToRequestUrlFilter@37f71e8}, order = 10000], [GatewayFilterAdapter{delegate=org.springframework.cloud.gateway.config.GatewayNoLoadBalancerClientAutoConfiguration$NoLoadBalancerClientFilter@66fff42f}, order = 10150], [GatewayFilterAdapter{delegate=org.springframework.cloud.gateway.filter.WebsocketRoutingFilter@783f5f71}, order = 2147483646], [GatewayFilterAdapter{delegate=org.springframework.cloud.gateway.filter.NettyRoutingFilter@5606d537}, order = 2147483647], [GatewayFilterAdapter{delegate=org.springframework.cloud.gateway.filter.ForwardRoutingFilter@63b0b3dd}, order = 2147483647]]
2026-01-23T03:54:56.295+05:30  INFO 34921 --- [     parallel-5] c.s.a.filter.JwtAuthenticationFilter     : Processing request: GET /api/cart (normalized: /api/cart) - Checking if public path
2026-01-23T03:54:56.295+05:30  INFO 34921 --- [     parallel-5] c.s.a.filter.JwtAuthenticationFilter     : Protected path detected, checking authentication: /api/cart
2026-01-23T03:54:56.295+05:30  INFO 34921 --- [     parallel-5] c.s.a.filter.JwtAuthenticationFilter     : Authorization header for path /api/cart: Bearer ***
2026-01-23T03:54:56.295+05:30 DEBUG 34921 --- [     parallel-5] c.s.a.security.SimpleJwtTokenProvider    : Extracting token from header: Bearer ***
2026-01-23T03:54:56.295+05:30 DEBUG 34921 --- [     parallel-5] c.s.a.security.SimpleJwtTokenProvider    : Token extracted successfully
2026-01-23T03:54:56.295+05:30  INFO 34921 --- [     parallel-5] c.s.a.filter.JwtAuthenticationFilter     : Token extracted successfully, validating for path: /api/cart
2026-01-23T03:54:56.295+05:30 DEBUG 34921 --- [     parallel-5] c.s.a.security.SimpleJwtTokenProvider    : Validating access token: eyJhbGciOiJIUzUxMiJ9...
2026-01-23T03:54:56.298+05:30 DEBUG 34921 --- [     parallel-5] c.s.a.security.SimpleJwtTokenProvider    : Token validation successful for user: 3309c69c-e41a-4ba4-a76d-7bf4ef300817
2026-01-23T03:54:56.298+05:30  INFO 34921 --- [     parallel-5] c.s.a.filter.JwtAuthenticationFilter     : Token validated successfully for user: 3309c69c-e41a-4ba4-a76d-7bf4ef300817 on path: /api/cart
2026-01-23T03:54:56.298+05:30  INFO 34921 --- [     parallel-5] c.s.a.filter.JwtAuthenticationFilter     : Proceeding to downstream service for path: /api/cart
2026-01-23T03:54:56.321+05:30 DEBUG 34921 --- [     parallel-5] g.f.h.o.ObservedRequestHttpHeadersFilter : Will instrument the HTTP request headers [Host:"127.0.0.1:8080", Cookie:"JSESSIONID=C54FFBDDE67A450A97AA70112AB7CD8E", User-Agent:"insomnia/11.2.0", Authorization:"Bearer eyJhbGciOiJIUzUxMiJ9.eyJzdWIiOiIzMzA5YzY5Yy1lNDFhLTRiYTQtYTc2ZC03YmY0ZWYzMDA4MTciLCJpc3MiOiJzd2FjaHZlZ2EiLCJhdWQiOlsic3dhY2h2ZWdhLWNsaWVudHMiXSwiaWF0IjoxNzY5MTIwNjI1LCJuYmYiOjE3NjkxMjA2MjUsImV4cCI6MTc2OTEyMTUyNSwianRpIjoiMzBlMjc2NmUtNzQ0OC00MDdlLTgzNGItY2M3ZTNlZDJkZWJlIiwicm9sZSI6IkNPTlNVTUVSIiwiaXNQaG9uZVZlcmlmaWVkIjp0cnVlLCJsb2dpblR5cGUiOiJwaG9uZV9vdHAiLCJmdWxsTmFtZSI6Im51bGwgbnVsbCIsInNlc3Npb25JZCI6ImNiYzhkNjhjLWQ3OWMtNDM5ZC1iYWM5LTBhMDRmYTljNTlkNSIsInR5cGUiOiJhY2Nlc3MiLCJmZWF0dXJlcyI6WyJTSE9QUElORyIsIk9SREVSX1RSQUNLSU5HIiwiRkFWT1JJVEVTIiwiUkVWSUVXUyIsIldBTExFVCIsIlBST0ZJTEUiXSwicGhvbmVOdW1iZXIiOiIrOTE5MDAwMDAwMDAxIiwicGVybWlzc2lvbnMiOlsiUkVBRCIsIldSSVRFIiwiUExBQ0VfT1JERVJTIiwiVklFV19PUkRFUl9ISVNUT1JZIiwiTUFOQUdFX1BST0ZJTEUiXSwiZW1haWwiOiJ0ZXN0dXNlcjFAc3dhY2h2ZWdhLmNvbSJ9.QKLxqmtIZ4XfUfgYRxhkKjNYsM6-feaSfqPOPVbaripxsyu42kUPBC2CPtJZC4u4Vsas5QcPahMx656mXx20Dg", Accept:"*/*", X-User-Id:"3309c69c-e41a-4ba4-a76d-7bf4ef300817", X-Username:"testuser1@swachvega.com", X-User-Role:"CONSUMER", X-Session-Id:"cbc8d68c-d79c-439d-bac9-0a04fa9c59d5", X-User-Email:"testuser1@swachvega.com", X-User-FullName:"null null", X-User-Phone:"+919000000001", X-Token-IssuedAt:"1769120625", X-Token-ExpiresAt:"1769121525", X-Token-Id:"30e2766e-7448-407e-834b-cc7e3ed2debe", Forwarded:"proto=http;host="127.0.0.1:8080";for="127.0.0.1:54103"", X-Forwarded-For:"127.0.0.1", X-Forwarded-Proto:"http", X-Forwarded-Port:"8080", X-Forwarded-Host:"127.0.0.1:8080"]
2026-01-23T03:54:56.324+05:30 DEBUG 34921 --- [     parallel-5] g.f.h.o.ObservedRequestHttpHeadersFilter : Client observation  {name=http.client.requests(null), error=null, context=name='http.client.requests', contextualName='null', error='null', lowCardinalityKeyValues=[http.method='GET', http.status_code='UNKNOWN', spring.cloud.gateway.route.id='cartservice', spring.cloud.gateway.route.uri='http://localhost:8088'], highCardinalityKeyValues=[http.uri='http://127.0.0.1:8080/api/cart'], map=[class io.micrometer.core.instrument.Timer$Sample='io.micrometer.core.instrument.Timer$Sample@285babf8', class io.micrometer.core.instrument.LongTaskTimer$Sample='SampleImpl{duration(seconds)=7.93416E-4, duration(nanos)=793416.0, startTimeNanos=89553023052250}'], parentObservation=org.springframework.security.web.server.ObservationWebFilterChainDecorator$PhasedObservation@193ffe78} created for the request. New headers are [Host:"127.0.0.1:8080", Cookie:"JSESSIONID=C54FFBDDE67A450A97AA70112AB7CD8E", User-Agent:"insomnia/11.2.0", Authorization:"Bearer eyJhbGciOiJIUzUxMiJ9.eyJzdWIiOiIzMzA5YzY5Yy1lNDFhLTRiYTQtYTc2ZC03YmY0ZWYzMDA4MTciLCJpc3MiOiJzd2FjaHZlZ2EiLCJhdWQiOlsic3dhY2h2ZWdhLWNsaWVudHMiXSwiaWF0IjoxNzY5MTIwNjI1LCJuYmYiOjE3NjkxMjA2MjUsImV4cCI6MTc2OTEyMTUyNSwianRpIjoiMzBlMjc2NmUtNzQ0OC00MDdlLTgzNGItY2M3ZTNlZDJkZWJlIiwicm9sZSI6IkNPTlNVTUVSIiwiaXNQaG9uZVZlcmlmaWVkIjp0cnVlLCJsb2dpblR5cGUiOiJwaG9uZV9vdHAiLCJmdWxsTmFtZSI6Im51bGwgbnVsbCIsInNlc3Npb25JZCI6ImNiYzhkNjhjLWQ3OWMtNDM5ZC1iYWM5LTBhMDRmYTljNTlkNSIsInR5cGUiOiJhY2Nlc3MiLCJmZWF0dXJlcyI6WyJTSE9QUElORyIsIk9SREVSX1RSQUNLSU5HIiwiRkFWT1JJVEVTIiwiUkVWSUVXUyIsIldBTExFVCIsIlBST0ZJTEUiXSwicGhvbmVOdW1iZXIiOiIrOTE5MDAwMDAwMDAxIiwicGVybWlzc2lvbnMiOlsiUkVBRCIsIldSSVRFIiwiUExBQ0VfT1JERVJTIiwiVklFV19PUkRFUl9ISVNUT1JZIiwiTUFOQUdFX1BST0ZJTEUiXSwiZW1haWwiOiJ0ZXN0dXNlcjFAc3dhY2h2ZWdhLmNvbSJ9.QKLxqmtIZ4XfUfgYRxhkKjNYsM6-feaSfqPOPVbaripxsyu42kUPBC2CPtJZC4u4Vsas5QcPahMx656mXx20Dg", Accept:"*/*", X-User-Id:"3309c69c-e41a-4ba4-a76d-7bf4ef300817", X-Username:"testuser1@swachvega.com", X-User-Role:"CONSUMER", X-Session-Id:"cbc8d68c-d79c-439d-bac9-0a04fa9c59d5", X-User-Email:"testuser1@swachvega.com", X-User-FullName:"null null", X-User-Phone:"+919000000001", X-Token-IssuedAt:"1769120625", X-Token-ExpiresAt:"1769121525", X-Token-Id:"30e2766e-7448-407e-834b-cc7e3ed2debe", Forwarded:"proto=http;host="127.0.0.1:8080";for="127.0.0.1:54103"", X-Forwarded-For:"127.0.0.1", X-Forwarded-Proto:"http", X-Forwarded-Port:"8080", X-Forwarded-Host:"127.0.0.1:8080"]
2026-01-23T03:54:58.851+05:30 DEBUG 34921 --- [ctor-http-nio-5] .f.h.o.ObservedResponseHttpHeadersFilter : Will instrument the response
2026-01-23T03:54:58.853+05:30 DEBUG 34921 --- [ctor-http-nio-5] .f.h.o.ObservedResponseHttpHeadersFilter : The response was handled for observation {name=http.client.requests(null), error=null, context=name='http.client.requests', contextualName='null', error='null', lowCardinalityKeyValues=[http.method='GET', http.status_code='UNKNOWN', spring.cloud.gateway.route.id='cartservice', spring.cloud.gateway.route.uri='http://localhost:8088'], highCardinalityKeyValues=[http.uri='http://127.0.0.1:8080/api/cart'], map=[class io.micrometer.core.instrument.Timer$Sample='io.micrometer.core.instrument.Timer$Sample@285babf8', class io.micrometer.core.instrument.LongTaskTimer$Sample='SampleImpl{duration(seconds)=2.530122416, duration(nanos)=2.530122416E9, startTimeNanos=89553023052250}'], parentObservation=org.springframework.security.web.server.ObservationWebFilterChainDecorator$PhasedObservation@193ffe78}
