> Task :commonlibs:compileJava UP-TO-DATE
> Task :apigateway:compileJava UP-TO-DATE
> Task :apigateway:processResources UP-TO-DATE
> Task :apigateway:classes UP-TO-DATE
> Task :apigateway:resolveMainClassName UP-TO-DATE
> Task :commonlibs:processResources UP-TO-DATE
> Task :commonlibs:classes UP-TO-DATE
> Task :commonlibs:jar UP-TO-DATE

> Task :apigateway:bootRun

  .   ____          _            __ _ _
 /\\ / ___'_ __ _ _(_)_ __  __ _ \ \ \ \
( ( )\___ | '_ | '_| | '_ \/ _` | \ \ \ \
 \\/  ___)| |_)| | | | | || (_| |  ) ) ) )
  '  |____| .__|_| |_|_| |_\__, | / / / /
 =========|_|==============|___/=/_/_/_/
 :: Spring Boot ::                (v3.2.5)

2026-01-23T19:15:55.315+05:30  INFO 22989 --- [           main] c.s.apigateway.ApiGatewayApplication     : Starting ApiGatewayApplication using Java 21.0.8 with PID 22989 (/Users/shivakumarpalakurla/Documents/swachvegaapi/apigateway/build/classes/java/main started by shivakumarpalakurla in /Users/shivakumarpalakurla/Documents/swachvegaapi/apigateway)
2026-01-23T19:15:55.316+05:30 DEBUG 22989 --- [           main] c.s.apigateway.ApiGatewayApplication     : Running with Spring Boot v3.2.5, Spring v6.1.6
2026-01-23T19:15:55.317+05:30  INFO 22989 --- [           main] c.s.apigateway.ApiGatewayApplication     : The following 1 profile is active: "local"
2026-01-23T19:15:55.806+05:30  INFO 22989 --- [           main] .s.d.r.c.RepositoryConfigurationDelegate : Multiple Spring Data modules found, entering strict repository configuration mode
2026-01-23T19:15:55.807+05:30  INFO 22989 --- [           main] .s.d.r.c.RepositoryConfigurationDelegate : Bootstrapping Spring Data Redis repositories in DEFAULT mode.
2026-01-23T19:15:55.823+05:30  INFO 22989 --- [           main] .s.d.r.c.RepositoryConfigurationDelegate : Finished Spring Data repository scanning in 10 ms. Found 0 Redis repository interfaces.
2026-01-23T19:15:55.937+05:30  INFO 22989 --- [           main] o.s.cloud.context.scope.GenericScope     : BeanFactory id=f2edf93f-f2c5-3c8a-b291-433d42a7e6c1
2026-01-23T19:15:56.137+05:30  INFO 22989 --- [           main] c.s.a.security.SimpleJwtTokenProvider    : JwtTokenProvider initialized - Access token expiry: 15 minutes, Refresh token expiry: 30 days
2026-01-23T19:15:56.190+05:30 ERROR 22989 --- [           main] i.n.r.d.DnsServerAddressStreamProviders  : Unable to load io.netty.resolver.dns.macos.MacOSDnsServerAddressStreamProvider, fallback to system defaults. This may result in incorrect DNS resolutions on MacOS. Check whether you have a dependency on 'io.netty:netty-resolver-dns-native-macos'. Use DEBUG level to see the full stack: java.lang.UnsatisfiedLinkError: failed to load the required native library
2026-01-23T19:15:56.406+05:30  INFO 22989 --- [           main] ctiveUserDetailsServiceAutoConfiguration : 

Using generated security password: b3cebd31-d7ce-44a9-be8c-98efcffaf556

2026-01-23T19:15:56.565+05:30 DEBUG 22989 --- [           main] o.s.c.gateway.config.GatewayProperties   : Routes supplied from Gateway Properties: [RouteDefinition{id='chatservice-token-local', predicates=[PredicateDefinition{name='Path', args={_genkey_0=/token}}], filters=[FilterDefinition{name='StripPrefix', args={_genkey_0=0}}], uri=http://localhost:8090, order=0, metadata={}}, RouteDefinition{id='chatservice-create-conv-local', predicates=[PredicateDefinition{name='Path', args={_genkey_0=/create-conversation}}], filters=[FilterDefinition{name='StripPrefix', args={_genkey_0=0}}], uri=http://localhost:8090, order=0, metadata={}}, RouteDefinition{id='chatservice-active-convs-local', predicates=[PredicateDefinition{name='Path', args={_genkey_0=/active-conversations}}], filters=[FilterDefinition{name='StripPrefix', args={_genkey_0=0}}], uri=http://localhost:8090, order=0, metadata={}}, RouteDefinition{id='chatservice-end-conv-local', predicates=[PredicateDefinition{name='Path', args={_genkey_0=/end-conversation}}], filters=[FilterDefinition{name='StripPrefix', args={_genkey_0=0}}], uri=http://localhost:8090, order=0, metadata={}}, RouteDefinition{id='chatservice-support-live-request-local', predicates=[PredicateDefinition{name='Path', args={_genkey_0=/support/live-request}}], filters=[FilterDefinition{name='StripPrefix', args={_genkey_0=0}}], uri=http://localhost:8090, order=0, metadata={}}, RouteDefinition{id='chatservice-conversations-local', predicates=[PredicateDefinition{name='Path', args={_genkey_0=/conversations, _genkey_1=/conversations/**}}], filters=[FilterDefinition{name='StripPrefix', args={_genkey_0=0}}], uri=http://localhost:8090, order=0, metadata={}}, RouteDefinition{id='chatservice-ws-local', predicates=[PredicateDefinition{name='Path', args={_genkey_0=/ws}}], filters=[FilterDefinition{name='StripPrefix', args={_genkey_0=0}}], uri=ws://localhost:8090, order=0, metadata={}}, RouteDefinition{id='chatservice-agents-local', predicates=[PredicateDefinition{name='Path', args={_genkey_0=/agents, _genkey_1=/agents/**}}], filters=[FilterDefinition{name='StripPrefix', args={_genkey_0=0}}], uri=http://localhost:8090, order=0, metadata={}}, RouteDefinition{id='userservice', predicates=[PredicateDefinition{name='Path', args={_genkey_0=/api/users/**}}], filters=[], uri=http://localhost:8081, order=0, metadata={}}, RouteDefinition{id='authservice', predicates=[PredicateDefinition{name='Path', args={_genkey_0=/api/consumer/auth/**}}], filters=[], uri=http://localhost:8081, order=0, metadata={}}, RouteDefinition{id='couponservice', predicates=[PredicateDefinition{name='Path', args={_genkey_0=/api/merchant/coupons/**}}], filters=[], uri=http://localhost:8090, order=0, metadata={}}, RouteDefinition{id='couponservice-admin', predicates=[PredicateDefinition{name='Path', args={_genkey_0=/api/admin/coupons/**}}], filters=[], uri=http://localhost:8090, order=0, metadata={}}, RouteDefinition{id='merchantservice', predicates=[PredicateDefinition{name='Path', args={_genkey_0=/api/merchant/**}}], filters=[], uri=http://localhost:8089, order=0, metadata={}}, RouteDefinition{id='productservice', predicates=[PredicateDefinition{name='Path', args={_genkey_0=/api/products/**}}], filters=[], uri=http://localhost:8082, order=0, metadata={}}, RouteDefinition{id='productservice-v1', predicates=[PredicateDefinition{name='Path', args={_genkey_0=/api/v1/products/**}}], filters=[], uri=http://localhost:8082, order=0, metadata={}}, RouteDefinition{id='categoryservice', predicates=[PredicateDefinition{name='Path', args={_genkey_0=/api/categories/**}}], filters=[], uri=http://localhost:8082, order=0, metadata={}}, RouteDefinition{id='productservice-subcategories', predicates=[PredicateDefinition{name='Path', args={_genkey_0=/api/subcategories/**}}], filters=[], uri=http://localhost:8082, order=0, metadata={}}, RouteDefinition{id='productservice-subsubcategories', predicates=[PredicateDefinition{name='Path', args={_genkey_0=/api/subsubcategories/**}}], filters=[], uri=http://localhost:8082, order=0, metadata={}}, RouteDefinition{id='ratingfavoriteservice', predicates=[PredicateDefinition{name='Path', args={_genkey_0=/api/orders/ratings, _genkey_1=/api/orders/ratings/**, _genkey_2=/api/orders/favorites, _genkey_3=/api/orders/favorites/**, _genkey_4=/api/orders/consumer/ratings, _genkey_5=/api/orders/consumer/ratings/**, _genkey_6=/api/orders/*/ratings, _genkey_7=/api/orders/*/ratings/**, _genkey_8=/api/consumer/favorites/**}}], filters=[], uri=http://localhost:8092, order=0, metadata={}}, RouteDefinition{id='orderservice', predicates=[PredicateDefinition{name='Path', args={_genkey_0=/api/orders/**, _genkey_1=/api/trends/**}}], filters=[], uri=http://localhost:8086, order=0, metadata={}}, RouteDefinition{id='orderservice-consumer-coupons', predicates=[PredicateDefinition{name='Path', args={_genkey_0=/api/consumer/coupons/**}}], filters=[], uri=http://localhost:8086, order=0, metadata={}}, RouteDefinition{id='inventoryservice', predicates=[PredicateDefinition{name='Path', args={_genkey_0=/api/inventory/**}}], filters=[], uri=http://localhost:8084, order=0, metadata={}}, RouteDefinition{id='searchservice', predicates=[PredicateDefinition{name='Path', args={_genkey_0=/api/search/**}}], filters=[], uri=http://localhost:8085, order=0, metadata={}}, RouteDefinition{id='storeservice', predicates=[PredicateDefinition{name='Path', args={_genkey_0=/api/stores/**}}], filters=[], uri=http://localhost:8083, order=0, metadata={}}, RouteDefinition{id='landingpageservice', predicates=[PredicateDefinition{name='Path', args={_genkey_0=/api/home/**}}], filters=[], uri=http://localhost:8087, order=0, metadata={}}, RouteDefinition{id='cartservice', predicates=[PredicateDefinition{name='Path', args={_genkey_0=/api/cart/**}}], filters=[], uri=http://localhost:8088, order=0, metadata={}}, RouteDefinition{id='adminservice', predicates=[PredicateDefinition{name='Path', args={_genkey_0=/api/admin/**}}], filters=[], uri=http://localhost:8091, order=0, metadata={}}, RouteDefinition{id='analytics', predicates=[PredicateDefinition{name='Path', args={_genkey_0=/api/analytics/**}}], filters=[], uri=http://localhost:8091, order=0, metadata={}}, RouteDefinition{id='notificationservice', predicates=[PredicateDefinition{name='Path', args={_genkey_0=/api/notifications/**}}], filters=[], uri=http://localhost:8095, order=0, metadata={}}, RouteDefinition{id='userservice-swagger-ui', predicates=[PredicateDefinition{name='Path', args={_genkey_0=/userservice/swagger-ui/**}}], filters=[FilterDefinition{name='RewritePath', args={_genkey_0=/userservice/swagger-ui/(?<segment>.*), _genkey_1=/swagger-ui/${segment}}}], uri=http://localhost:8081, order=0, metadata={}}, RouteDefinition{id='userservice-api-docs', predicates=[PredicateDefinition{name='Path', args={_genkey_0=/userservice/v3/api-docs/**}}], filters=[FilterDefinition{name='RewritePath', args={_genkey_0=/userservice/v3/api-docs/(?<segment>.*), _genkey_1=/v3/api-docs/${segment}}}], uri=http://localhost:8081, order=0, metadata={}}, RouteDefinition{id='productservice-swagger-ui', predicates=[PredicateDefinition{name='Path', args={_genkey_0=/productservice/swagger-ui/**}}], filters=[FilterDefinition{name='RewritePath', args={_genkey_0=/productservice/swagger-ui/(?<segment>.*), _genkey_1=/swagger-ui/${segment}}}], uri=http://localhost:8082, order=0, metadata={}}, RouteDefinition{id='productservice-api-docs', predicates=[PredicateDefinition{name='Path', args={_genkey_0=/productservice/v3/api-docs/**}}], filters=[FilterDefinition{name='RewritePath', args={_genkey_0=/productservice/v3/api-docs/(?<segment>.*), _genkey_1=/v3/api-docs/${segment}}}], uri=http://localhost:8082, order=0, metadata={}}, RouteDefinition{id='orderservice-swagger-ui', predicates=[PredicateDefinition{name='Path', args={_genkey_0=/orderservice/swagger-ui/**}}], filters=[FilterDefinition{name='RewritePath', args={_genkey_0=/orderservice/swagger-ui/(?<segment>.*), _genkey_1=/swagger-ui/${segment}}}], uri=http://localhost:8086, order=0, metadata={}}, RouteDefinition{id='orderservice-api-docs', predicates=[PredicateDefinition{name='Path', args={_genkey_0=/orderservice/v3/api-docs/**}}], filters=[FilterDefinition{name='RewritePath', args={_genkey_0=/orderservice/v3/api-docs/(?<segment>.*), _genkey_1=/v3/api-docs/${segment}}}], uri=http://localhost:8086, order=0, metadata={}}, RouteDefinition{id='inventoryservice-swagger-ui', predicates=[PredicateDefinition{name='Path', args={_genkey_0=/inventoryservice/swagger-ui/**}}], filters=[FilterDefinition{name='RewritePath', args={_genkey_0=/inventoryservice/swagger-ui/(?<segment>.*), _genkey_1=/swagger-ui/${segment}}}], uri=http://localhost:8084, order=0, metadata={}}, RouteDefinition{id='inventoryservice-api-docs', predicates=[PredicateDefinition{name='Path', args={_genkey_0=/inventoryservice/v3/api-docs/**}}], filters=[FilterDefinition{name='RewritePath', args={_genkey_0=/inventoryservice/v3/api-docs/(?<segment>.*), _genkey_1=/v3/api-docs/${segment}}}], uri=http://localhost:8084, order=0, metadata={}}, RouteDefinition{id='searchservice-swagger-ui', predicates=[PredicateDefinition{name='Path', args={_genkey_0=/searchservice/swagger-ui/**}}], filters=[FilterDefinition{name='RewritePath', args={_genkey_0=/searchservice/swagger-ui/(?<segment>.*), _genkey_1=/swagger-ui/${segment}}}], uri=http://localhost:8085, order=0, metadata={}}, RouteDefinition{id='searchservice-api-docs', predicates=[PredicateDefinition{name='Path', args={_genkey_0=/searchservice/v3/api-docs/**}}], filters=[FilterDefinition{name='RewritePath', args={_genkey_0=/searchservice/v3/api-docs/(?<segment>.*), _genkey_1=/v3/api-docs/${segment}}}], uri=http://localhost:8085, order=0, metadata={}}, RouteDefinition{id='storeservice-swagger-ui', predicates=[PredicateDefinition{name='Path', args={_genkey_0=/storeservice/swagger-ui/**}}], filters=[FilterDefinition{name='RewritePath', args={_genkey_0=/storeservice/swagger-ui/(?<segment>.*), _genkey_1=/swagger-ui/${segment}}}], uri=http://localhost:8083, order=0, metadata={}}, RouteDefinition{id='storeservice-api-docs', predicates=[PredicateDefinition{name='Path', args={_genkey_0=/storeservice/v3/api-docs/**}}], filters=[FilterDefinition{name='RewritePath', args={_genkey_0=/storeservice/v3/api-docs/(?<segment>.*), _genkey_1=/v3/api-docs/${segment}}}], uri=http://localhost:8083, order=0, metadata={}}, RouteDefinition{id='adminservice-api-docs', predicates=[PredicateDefinition{name='Path', args={_genkey_0=/adminservice/v3/api-docs/**}}], filters=[FilterDefinition{name='RewritePath', args={_genkey_0=/adminservice/v3/api-docs/(?<segment>.*), _genkey_1=/v3/api-docs/${segment}}}], uri=http://localhost:8091, order=0, metadata={}}, RouteDefinition{id='notificationservice-swagger-ui', predicates=[PredicateDefinition{name='Path', args={_genkey_0=/notificationservice/swagger-ui/**}}], filters=[FilterDefinition{name='RewritePath', args={_genkey_0=/notificationservice/swagger-ui/(?<segment>.*), _genkey_1=/swagger-ui/${segment}}}], uri=http://localhost:8095, order=0, metadata={}}, RouteDefinition{id='notificationservice-api-docs', predicates=[PredicateDefinition{name='Path', args={_genkey_0=/notificationservice/v3/api-docs/**}}], filters=[FilterDefinition{name='RewritePath', args={_genkey_0=/notificationservice/v3/api-docs/(?<segment>.*), _genkey_1=/v3/api-docs/${segment}}}], uri=http://localhost:8095, order=0, metadata={}}, RouteDefinition{id='apigateway-swagger-ui-html', predicates=[PredicateDefinition{name='Path', args={_genkey_0=/swagger-ui.html}}], filters=[], uri=no://op, order=0, metadata={}}, RouteDefinition{id='apigateway-swagger-ui', predicates=[PredicateDefinition{name='Path', args={_genkey_0=/swagger-ui/**}}], filters=[], uri=no://op, order=0, metadata={}}, RouteDefinition{id='apigateway-api-docs', predicates=[PredicateDefinition{name='Path', args={_genkey_0=/v3/api-docs/**}}], filters=[], uri=no://op, order=0, metadata={}}]
2026-01-23T19:15:56.606+05:30 DEBUG 22989 --- [           main] s.c.g.f.f.c.LocalResponseCacheProperties : No TTL configuration found. Default TTL will be applied for cache entries: PT5M minutes
2026-01-23T19:15:56.614+05:30  INFO 22989 --- [           main] o.s.c.g.r.RouteDefinitionRouteLocator    : Loaded RoutePredicateFactory [After]
2026-01-23T19:15:56.614+05:30  INFO 22989 --- [           main] o.s.c.g.r.RouteDefinitionRouteLocator    : Loaded RoutePredicateFactory [Before]
2026-01-23T19:15:56.614+05:30  INFO 22989 --- [           main] o.s.c.g.r.RouteDefinitionRouteLocator    : Loaded RoutePredicateFactory [Between]
2026-01-23T19:15:56.614+05:30  INFO 22989 --- [           main] o.s.c.g.r.RouteDefinitionRouteLocator    : Loaded RoutePredicateFactory [Cookie]
2026-01-23T19:15:56.614+05:30  INFO 22989 --- [           main] o.s.c.g.r.RouteDefinitionRouteLocator    : Loaded RoutePredicateFactory [Header]
2026-01-23T19:15:56.614+05:30  INFO 22989 --- [           main] o.s.c.g.r.RouteDefinitionRouteLocator    : Loaded RoutePredicateFactory [Host]
2026-01-23T19:15:56.614+05:30  INFO 22989 --- [           main] o.s.c.g.r.RouteDefinitionRouteLocator    : Loaded RoutePredicateFactory [Method]
2026-01-23T19:15:56.614+05:30  INFO 22989 --- [           main] o.s.c.g.r.RouteDefinitionRouteLocator    : Loaded RoutePredicateFactory [Path]
2026-01-23T19:15:56.614+05:30  INFO 22989 --- [           main] o.s.c.g.r.RouteDefinitionRouteLocator    : Loaded RoutePredicateFactory [Query]
2026-01-23T19:15:56.614+05:30  INFO 22989 --- [           main] o.s.c.g.r.RouteDefinitionRouteLocator    : Loaded RoutePredicateFactory [ReadBody]
2026-01-23T19:15:56.614+05:30  INFO 22989 --- [           main] o.s.c.g.r.RouteDefinitionRouteLocator    : Loaded RoutePredicateFactory [RemoteAddr]
2026-01-23T19:15:56.614+05:30  INFO 22989 --- [           main] o.s.c.g.r.RouteDefinitionRouteLocator    : Loaded RoutePredicateFactory [XForwardedRemoteAddr]
2026-01-23T19:15:56.614+05:30  INFO 22989 --- [           main] o.s.c.g.r.RouteDefinitionRouteLocator    : Loaded RoutePredicateFactory [Weight]
2026-01-23T19:15:56.614+05:30  INFO 22989 --- [           main] o.s.c.g.r.RouteDefinitionRouteLocator    : Loaded RoutePredicateFactory [CloudFoundryRouteService]
2026-01-23T19:15:56.727+05:30  INFO 22989 --- [           main] o.s.b.a.e.web.EndpointLinksResolver      : Exposing 15 endpoint(s) beneath base path '/actuator'
2026-01-23T19:15:56.880+05:30  INFO 22989 --- [           main] o.s.b.web.embedded.netty.NettyWebServer  : Netty started on port 8080
2026-01-23T19:15:56.900+05:30 DEBUG 22989 --- [           main] o.s.c.g.r.RouteDefinitionRouteLocator    : RouteDefinition chatservice-token-local applying {_genkey_0=/token} to Path
2026-01-23T19:15:56.907+05:30 DEBUG 22989 --- [           main] o.s.c.g.r.RouteDefinitionRouteLocator    : RouteDefinition chatservice-token-local applying filter {_genkey_0=0} to StripPrefix
2026-01-23T19:15:56.909+05:30 DEBUG 22989 --- [           main] o.s.c.g.r.RouteDefinitionRouteLocator    : RouteDefinition matched: chatservice-token-local
2026-01-23T19:15:56.909+05:30 DEBUG 22989 --- [           main] o.s.c.g.r.RouteDefinitionRouteLocator    : RouteDefinition chatservice-create-conv-local applying {_genkey_0=/create-conversation} to Path
2026-01-23T19:15:56.910+05:30 DEBUG 22989 --- [           main] o.s.c.g.r.RouteDefinitionRouteLocator    : RouteDefinition chatservice-create-conv-local applying filter {_genkey_0=0} to StripPrefix
2026-01-23T19:15:56.910+05:30 DEBUG 22989 --- [           main] o.s.c.g.r.RouteDefinitionRouteLocator    : RouteDefinition matched: chatservice-create-conv-local
2026-01-23T19:15:56.910+05:30 DEBUG 22989 --- [           main] o.s.c.g.r.RouteDefinitionRouteLocator    : RouteDefinition chatservice-active-convs-local applying {_genkey_0=/active-conversations} to Path
2026-01-23T19:15:56.910+05:30 DEBUG 22989 --- [           main] o.s.c.g.r.RouteDefinitionRouteLocator    : RouteDefinition chatservice-active-convs-local applying filter {_genkey_0=0} to StripPrefix
2026-01-23T19:15:56.911+05:30 DEBUG 22989 --- [           main] o.s.c.g.r.RouteDefinitionRouteLocator    : RouteDefinition matched: chatservice-active-convs-local
2026-01-23T19:15:56.911+05:30 DEBUG 22989 --- [           main] o.s.c.g.r.RouteDefinitionRouteLocator    : RouteDefinition chatservice-end-conv-local applying {_genkey_0=/end-conversation} to Path
2026-01-23T19:15:56.911+05:30 DEBUG 22989 --- [           main] o.s.c.g.r.RouteDefinitionRouteLocator    : RouteDefinition chatservice-end-conv-local applying filter {_genkey_0=0} to StripPrefix
2026-01-23T19:15:56.911+05:30 DEBUG 22989 --- [           main] o.s.c.g.r.RouteDefinitionRouteLocator    : RouteDefinition matched: chatservice-end-conv-local
2026-01-23T19:15:56.911+05:30 DEBUG 22989 --- [           main] o.s.c.g.r.RouteDefinitionRouteLocator    : RouteDefinition chatservice-support-live-request-local applying {_genkey_0=/support/live-request} to Path
2026-01-23T19:15:56.911+05:30 DEBUG 22989 --- [           main] o.s.c.g.r.RouteDefinitionRouteLocator    : RouteDefinition chatservice-support-live-request-local applying filter {_genkey_0=0} to StripPrefix
2026-01-23T19:15:56.912+05:30 DEBUG 22989 --- [           main] o.s.c.g.r.RouteDefinitionRouteLocator    : RouteDefinition matched: chatservice-support-live-request-local
2026-01-23T19:15:56.912+05:30 DEBUG 22989 --- [           main] o.s.c.g.r.RouteDefinitionRouteLocator    : RouteDefinition chatservice-conversations-local applying {_genkey_0=/conversations, _genkey_1=/conversations/**} to Path
2026-01-23T19:15:56.912+05:30 DEBUG 22989 --- [           main] o.s.c.g.r.RouteDefinitionRouteLocator    : RouteDefinition chatservice-conversations-local applying filter {_genkey_0=0} to StripPrefix
2026-01-23T19:15:56.912+05:30 DEBUG 22989 --- [           main] o.s.c.g.r.RouteDefinitionRouteLocator    : RouteDefinition matched: chatservice-conversations-local
2026-01-23T19:15:56.912+05:30 DEBUG 22989 --- [           main] o.s.c.g.r.RouteDefinitionRouteLocator    : RouteDefinition chatservice-ws-local applying {_genkey_0=/ws} to Path
2026-01-23T19:15:56.912+05:30 DEBUG 22989 --- [           main] o.s.c.g.r.RouteDefinitionRouteLocator    : RouteDefinition chatservice-ws-local applying filter {_genkey_0=0} to StripPrefix
2026-01-23T19:15:56.913+05:30 DEBUG 22989 --- [           main] o.s.c.g.r.RouteDefinitionRouteLocator    : RouteDefinition matched: chatservice-ws-local
2026-01-23T19:15:56.913+05:30 DEBUG 22989 --- [           main] o.s.c.g.r.RouteDefinitionRouteLocator    : RouteDefinition chatservice-agents-local applying {_genkey_0=/agents, _genkey_1=/agents/**} to Path
2026-01-23T19:15:56.913+05:30 DEBUG 22989 --- [           main] o.s.c.g.r.RouteDefinitionRouteLocator    : RouteDefinition chatservice-agents-local applying filter {_genkey_0=0} to StripPrefix
2026-01-23T19:15:56.913+05:30 DEBUG 22989 --- [           main] o.s.c.g.r.RouteDefinitionRouteLocator    : RouteDefinition matched: chatservice-agents-local
2026-01-23T19:15:56.913+05:30 DEBUG 22989 --- [           main] o.s.c.g.r.RouteDefinitionRouteLocator    : RouteDefinition userservice applying {_genkey_0=/api/users/**} to Path
2026-01-23T19:15:56.913+05:30 DEBUG 22989 --- [           main] o.s.c.g.r.RouteDefinitionRouteLocator    : RouteDefinition matched: userservice
2026-01-23T19:15:56.913+05:30 DEBUG 22989 --- [           main] o.s.c.g.r.RouteDefinitionRouteLocator    : RouteDefinition authservice applying {_genkey_0=/api/consumer/auth/**} to Path
2026-01-23T19:15:56.914+05:30 DEBUG 22989 --- [           main] o.s.c.g.r.RouteDefinitionRouteLocator    : RouteDefinition matched: authservice
2026-01-23T19:15:56.914+05:30 DEBUG 22989 --- [           main] o.s.c.g.r.RouteDefinitionRouteLocator    : RouteDefinition couponservice applying {_genkey_0=/api/merchant/coupons/**} to Path
2026-01-23T19:15:56.914+05:30 DEBUG 22989 --- [           main] o.s.c.g.r.RouteDefinitionRouteLocator    : RouteDefinition matched: couponservice
2026-01-23T19:15:56.914+05:30 DEBUG 22989 --- [           main] o.s.c.g.r.RouteDefinitionRouteLocator    : RouteDefinition couponservice-admin applying {_genkey_0=/api/admin/coupons/**} to Path
2026-01-23T19:15:56.914+05:30 DEBUG 22989 --- [           main] o.s.c.g.r.RouteDefinitionRouteLocator    : RouteDefinition matched: couponservice-admin
2026-01-23T19:15:56.914+05:30 DEBUG 22989 --- [           main] o.s.c.g.r.RouteDefinitionRouteLocator    : RouteDefinition merchantservice applying {_genkey_0=/api/merchant/**} to Path
2026-01-23T19:15:56.915+05:30 DEBUG 22989 --- [           main] o.s.c.g.r.RouteDefinitionRouteLocator    : RouteDefinition matched: merchantservice
2026-01-23T19:15:56.915+05:30 DEBUG 22989 --- [           main] o.s.c.g.r.RouteDefinitionRouteLocator    : RouteDefinition productservice applying {_genkey_0=/api/products/**} to Path
2026-01-23T19:15:56.915+05:30 DEBUG 22989 --- [           main] o.s.c.g.r.RouteDefinitionRouteLocator    : RouteDefinition matched: productservice
2026-01-23T19:15:56.915+05:30 DEBUG 22989 --- [           main] o.s.c.g.r.RouteDefinitionRouteLocator    : RouteDefinition productservice-v1 applying {_genkey_0=/api/v1/products/**} to Path
2026-01-23T19:15:56.915+05:30 DEBUG 22989 --- [           main] o.s.c.g.r.RouteDefinitionRouteLocator    : RouteDefinition matched: productservice-v1
2026-01-23T19:15:56.915+05:30 DEBUG 22989 --- [           main] o.s.c.g.r.RouteDefinitionRouteLocator    : RouteDefinition categoryservice applying {_genkey_0=/api/categories/**} to Path
2026-01-23T19:15:56.915+05:30 DEBUG 22989 --- [           main] o.s.c.g.r.RouteDefinitionRouteLocator    : RouteDefinition matched: categoryservice
2026-01-23T19:15:56.915+05:30 DEBUG 22989 --- [           main] o.s.c.g.r.RouteDefinitionRouteLocator    : RouteDefinition productservice-subcategories applying {_genkey_0=/api/subcategories/**} to Path
2026-01-23T19:15:56.916+05:30 DEBUG 22989 --- [           main] o.s.c.g.r.RouteDefinitionRouteLocator    : RouteDefinition matched: productservice-subcategories
2026-01-23T19:15:56.916+05:30 DEBUG 22989 --- [           main] o.s.c.g.r.RouteDefinitionRouteLocator    : RouteDefinition productservice-subsubcategories applying {_genkey_0=/api/subsubcategories/**} to Path
2026-01-23T19:15:56.916+05:30 DEBUG 22989 --- [           main] o.s.c.g.r.RouteDefinitionRouteLocator    : RouteDefinition matched: productservice-subsubcategories
2026-01-23T19:15:56.916+05:30 DEBUG 22989 --- [           main] o.s.c.g.r.RouteDefinitionRouteLocator    : RouteDefinition ratingfavoriteservice applying {_genkey_0=/api/orders/ratings, _genkey_1=/api/orders/ratings/**, _genkey_2=/api/orders/favorites, _genkey_3=/api/orders/favorites/**, _genkey_4=/api/orders/consumer/ratings, _genkey_5=/api/orders/consumer/ratings/**, _genkey_6=/api/orders/*/ratings, _genkey_7=/api/orders/*/ratings/**, _genkey_8=/api/consumer/favorites/**} to Path
2026-01-23T19:15:56.916+05:30 DEBUG 22989 --- [           main] o.s.c.g.r.RouteDefinitionRouteLocator    : RouteDefinition matched: ratingfavoriteservice
2026-01-23T19:15:56.916+05:30 DEBUG 22989 --- [           main] o.s.c.g.r.RouteDefinitionRouteLocator    : RouteDefinition orderservice applying {_genkey_0=/api/orders/**, _genkey_1=/api/trends/**} to Path
2026-01-23T19:15:56.917+05:30 DEBUG 22989 --- [           main] o.s.c.g.r.RouteDefinitionRouteLocator    : RouteDefinition matched: orderservice
2026-01-23T19:15:56.917+05:30 DEBUG 22989 --- [           main] o.s.c.g.r.RouteDefinitionRouteLocator    : RouteDefinition orderservice-consumer-coupons applying {_genkey_0=/api/consumer/coupons/**} to Path
2026-01-23T19:15:56.917+05:30 DEBUG 22989 --- [           main] o.s.c.g.r.RouteDefinitionRouteLocator    : RouteDefinition matched: orderservice-consumer-coupons
2026-01-23T19:15:56.917+05:30 DEBUG 22989 --- [           main] o.s.c.g.r.RouteDefinitionRouteLocator    : RouteDefinition inventoryservice applying {_genkey_0=/api/inventory/**} to Path
2026-01-23T19:15:56.917+05:30 DEBUG 22989 --- [           main] o.s.c.g.r.RouteDefinitionRouteLocator    : RouteDefinition matched: inventoryservice
2026-01-23T19:15:56.917+05:30 DEBUG 22989 --- [           main] o.s.c.g.r.RouteDefinitionRouteLocator    : RouteDefinition searchservice applying {_genkey_0=/api/search/**} to Path
2026-01-23T19:15:56.918+05:30 DEBUG 22989 --- [           main] o.s.c.g.r.RouteDefinitionRouteLocator    : RouteDefinition matched: searchservice
2026-01-23T19:15:56.918+05:30 DEBUG 22989 --- [           main] o.s.c.g.r.RouteDefinitionRouteLocator    : RouteDefinition storeservice applying {_genkey_0=/api/stores/**} to Path
2026-01-23T19:15:56.918+05:30 DEBUG 22989 --- [           main] o.s.c.g.r.RouteDefinitionRouteLocator    : RouteDefinition matched: storeservice
2026-01-23T19:15:56.918+05:30 DEBUG 22989 --- [           main] o.s.c.g.r.RouteDefinitionRouteLocator    : RouteDefinition landingpageservice applying {_genkey_0=/api/home/**} to Path
2026-01-23T19:15:56.918+05:30 DEBUG 22989 --- [           main] o.s.c.g.r.RouteDefinitionRouteLocator    : RouteDefinition matched: landingpageservice
2026-01-23T19:15:56.918+05:30 DEBUG 22989 --- [           main] o.s.c.g.r.RouteDefinitionRouteLocator    : RouteDefinition cartservice applying {_genkey_0=/api/cart/**} to Path
2026-01-23T19:15:56.918+05:30 DEBUG 22989 --- [           main] o.s.c.g.r.RouteDefinitionRouteLocator    : RouteDefinition matched: cartservice
2026-01-23T19:15:56.918+05:30 DEBUG 22989 --- [           main] o.s.c.g.r.RouteDefinitionRouteLocator    : RouteDefinition adminservice applying {_genkey_0=/api/admin/**} to Path
2026-01-23T19:15:56.919+05:30 DEBUG 22989 --- [           main] o.s.c.g.r.RouteDefinitionRouteLocator    : RouteDefinition matched: adminservice
2026-01-23T19:15:56.919+05:30 DEBUG 22989 --- [           main] o.s.c.g.r.RouteDefinitionRouteLocator    : RouteDefinition analytics applying {_genkey_0=/api/analytics/**} to Path
2026-01-23T19:15:56.919+05:30 DEBUG 22989 --- [           main] o.s.c.g.r.RouteDefinitionRouteLocator    : RouteDefinition matched: analytics
2026-01-23T19:15:56.919+05:30 DEBUG 22989 --- [           main] o.s.c.g.r.RouteDefinitionRouteLocator    : RouteDefinition notificationservice applying {_genkey_0=/api/notifications/**} to Path
2026-01-23T19:15:56.919+05:30 DEBUG 22989 --- [           main] o.s.c.g.r.RouteDefinitionRouteLocator    : RouteDefinition matched: notificationservice
2026-01-23T19:15:56.919+05:30 DEBUG 22989 --- [           main] o.s.c.g.r.RouteDefinitionRouteLocator    : RouteDefinition userservice-swagger-ui applying {_genkey_0=/userservice/swagger-ui/**} to Path
2026-01-23T19:15:56.919+05:30 DEBUG 22989 --- [           main] o.s.c.g.r.RouteDefinitionRouteLocator    : RouteDefinition userservice-swagger-ui applying filter {_genkey_0=/userservice/swagger-ui/(?<segment>.*), _genkey_1=/swagger-ui/${segment}} to RewritePath
2026-01-23T19:15:56.923+05:30 DEBUG 22989 --- [           main] o.s.c.g.r.RouteDefinitionRouteLocator    : RouteDefinition matched: userservice-swagger-ui
2026-01-23T19:15:56.923+05:30 DEBUG 22989 --- [           main] o.s.c.g.r.RouteDefinitionRouteLocator    : RouteDefinition userservice-api-docs applying {_genkey_0=/userservice/v3/api-docs/**} to Path
2026-01-23T19:15:56.924+05:30 DEBUG 22989 --- [           main] o.s.c.g.r.RouteDefinitionRouteLocator    : RouteDefinition userservice-api-docs applying filter {_genkey_0=/userservice/v3/api-docs/(?<segment>.*), _genkey_1=/v3/api-docs/${segment}} to RewritePath
2026-01-23T19:15:56.924+05:30 DEBUG 22989 --- [           main] o.s.c.g.r.RouteDefinitionRouteLocator    : RouteDefinition matched: userservice-api-docs
2026-01-23T19:15:56.924+05:30 DEBUG 22989 --- [           main] o.s.c.g.r.RouteDefinitionRouteLocator    : RouteDefinition productservice-swagger-ui applying {_genkey_0=/productservice/swagger-ui/**} to Path
2026-01-23T19:15:56.924+05:30 DEBUG 22989 --- [           main] o.s.c.g.r.RouteDefinitionRouteLocator    : RouteDefinition productservice-swagger-ui applying filter {_genkey_0=/productservice/swagger-ui/(?<segment>.*), _genkey_1=/swagger-ui/${segment}} to RewritePath
2026-01-23T19:15:56.925+05:30 DEBUG 22989 --- [           main] o.s.c.g.r.RouteDefinitionRouteLocator    : RouteDefinition matched: productservice-swagger-ui
2026-01-23T19:15:56.925+05:30 DEBUG 22989 --- [           main] o.s.c.g.r.RouteDefinitionRouteLocator    : RouteDefinition productservice-api-docs applying {_genkey_0=/productservice/v3/api-docs/**} to Path
2026-01-23T19:15:56.925+05:30 DEBUG 22989 --- [           main] o.s.c.g.r.RouteDefinitionRouteLocator    : RouteDefinition productservice-api-docs applying filter {_genkey_0=/productservice/v3/api-docs/(?<segment>.*), _genkey_1=/v3/api-docs/${segment}} to RewritePath
2026-01-23T19:15:56.925+05:30 DEBUG 22989 --- [           main] o.s.c.g.r.RouteDefinitionRouteLocator    : RouteDefinition matched: productservice-api-docs
2026-01-23T19:15:56.925+05:30 DEBUG 22989 --- [           main] o.s.c.g.r.RouteDefinitionRouteLocator    : RouteDefinition orderservice-swagger-ui applying {_genkey_0=/orderservice/swagger-ui/**} to Path
2026-01-23T19:15:56.925+05:30 DEBUG 22989 --- [           main] o.s.c.g.r.RouteDefinitionRouteLocator    : RouteDefinition orderservice-swagger-ui applying filter {_genkey_0=/orderservice/swagger-ui/(?<segment>.*), _genkey_1=/swagger-ui/${segment}} to RewritePath
2026-01-23T19:15:56.926+05:30 DEBUG 22989 --- [           main] o.s.c.g.r.RouteDefinitionRouteLocator    : RouteDefinition matched: orderservice-swagger-ui
2026-01-23T19:15:56.926+05:30 DEBUG 22989 --- [           main] o.s.c.g.r.RouteDefinitionRouteLocator    : RouteDefinition orderservice-api-docs applying {_genkey_0=/orderservice/v3/api-docs/**} to Path
2026-01-23T19:15:56.926+05:30 DEBUG 22989 --- [           main] o.s.c.g.r.RouteDefinitionRouteLocator    : RouteDefinition orderservice-api-docs applying filter {_genkey_0=/orderservice/v3/api-docs/(?<segment>.*), _genkey_1=/v3/api-docs/${segment}} to RewritePath
2026-01-23T19:15:56.927+05:30 DEBUG 22989 --- [           main] o.s.c.g.r.RouteDefinitionRouteLocator    : RouteDefinition matched: orderservice-api-docs
2026-01-23T19:15:56.927+05:30 DEBUG 22989 --- [           main] o.s.c.g.r.RouteDefinitionRouteLocator    : RouteDefinition inventoryservice-swagger-ui applying {_genkey_0=/inventoryservice/swagger-ui/**} to Path
2026-01-23T19:15:56.927+05:30 DEBUG 22989 --- [           main] o.s.c.g.r.RouteDefinitionRouteLocator    : RouteDefinition inventoryservice-swagger-ui applying filter {_genkey_0=/inventoryservice/swagger-ui/(?<segment>.*), _genkey_1=/swagger-ui/${segment}} to RewritePath
2026-01-23T19:15:56.927+05:30 DEBUG 22989 --- [           main] o.s.c.g.r.RouteDefinitionRouteLocator    : RouteDefinition matched: inventoryservice-swagger-ui
2026-01-23T19:15:56.927+05:30 DEBUG 22989 --- [           main] o.s.c.g.r.RouteDefinitionRouteLocator    : RouteDefinition inventoryservice-api-docs applying {_genkey_0=/inventoryservice/v3/api-docs/**} to Path
2026-01-23T19:15:56.928+05:30 DEBUG 22989 --- [           main] o.s.c.g.r.RouteDefinitionRouteLocator    : RouteDefinition inventoryservice-api-docs applying filter {_genkey_0=/inventoryservice/v3/api-docs/(?<segment>.*), _genkey_1=/v3/api-docs/${segment}} to RewritePath
2026-01-23T19:15:56.928+05:30 DEBUG 22989 --- [           main] o.s.c.g.r.RouteDefinitionRouteLocator    : RouteDefinition matched: inventoryservice-api-docs
2026-01-23T19:15:56.928+05:30 DEBUG 22989 --- [           main] o.s.c.g.r.RouteDefinitionRouteLocator    : RouteDefinition searchservice-swagger-ui applying {_genkey_0=/searchservice/swagger-ui/**} to Path
2026-01-23T19:15:56.928+05:30 DEBUG 22989 --- [           main] o.s.c.g.r.RouteDefinitionRouteLocator    : RouteDefinition searchservice-swagger-ui applying filter {_genkey_0=/searchservice/swagger-ui/(?<segment>.*), _genkey_1=/swagger-ui/${segment}} to RewritePath
2026-01-23T19:15:56.929+05:30 DEBUG 22989 --- [           main] o.s.c.g.r.RouteDefinitionRouteLocator    : RouteDefinition matched: searchservice-swagger-ui
2026-01-23T19:15:56.929+05:30 DEBUG 22989 --- [           main] o.s.c.g.r.RouteDefinitionRouteLocator    : RouteDefinition searchservice-api-docs applying {_genkey_0=/searchservice/v3/api-docs/**} to Path
2026-01-23T19:15:56.929+05:30 DEBUG 22989 --- [           main] o.s.c.g.r.RouteDefinitionRouteLocator    : RouteDefinition searchservice-api-docs applying filter {_genkey_0=/searchservice/v3/api-docs/(?<segment>.*), _genkey_1=/v3/api-docs/${segment}} to RewritePath
2026-01-23T19:15:56.929+05:30 DEBUG 22989 --- [           main] o.s.c.g.r.RouteDefinitionRouteLocator    : RouteDefinition matched: searchservice-api-docs
2026-01-23T19:15:56.929+05:30 DEBUG 22989 --- [           main] o.s.c.g.r.RouteDefinitionRouteLocator    : RouteDefinition storeservice-swagger-ui applying {_genkey_0=/storeservice/swagger-ui/**} to Path
2026-01-23T19:15:56.929+05:30 DEBUG 22989 --- [           main] o.s.c.g.r.RouteDefinitionRouteLocator    : RouteDefinition storeservice-swagger-ui applying filter {_genkey_0=/storeservice/swagger-ui/(?<segment>.*), _genkey_1=/swagger-ui/${segment}} to RewritePath
2026-01-23T19:15:56.930+05:30 DEBUG 22989 --- [           main] o.s.c.g.r.RouteDefinitionRouteLocator    : RouteDefinition matched: storeservice-swagger-ui
2026-01-23T19:15:56.930+05:30 DEBUG 22989 --- [           main] o.s.c.g.r.RouteDefinitionRouteLocator    : RouteDefinition storeservice-api-docs applying {_genkey_0=/storeservice/v3/api-docs/**} to Path
2026-01-23T19:15:56.930+05:30 DEBUG 22989 --- [           main] o.s.c.g.r.RouteDefinitionRouteLocator    : RouteDefinition storeservice-api-docs applying filter {_genkey_0=/storeservice/v3/api-docs/(?<segment>.*), _genkey_1=/v3/api-docs/${segment}} to RewritePath
2026-01-23T19:15:56.930+05:30 DEBUG 22989 --- [           main] o.s.c.g.r.RouteDefinitionRouteLocator    : RouteDefinition matched: storeservice-api-docs
2026-01-23T19:15:56.930+05:30 DEBUG 22989 --- [           main] o.s.c.g.r.RouteDefinitionRouteLocator    : RouteDefinition adminservice-api-docs applying {_genkey_0=/adminservice/v3/api-docs/**} to Path
2026-01-23T19:15:56.930+05:30 DEBUG 22989 --- [           main] o.s.c.g.r.RouteDefinitionRouteLocator    : RouteDefinition adminservice-api-docs applying filter {_genkey_0=/adminservice/v3/api-docs/(?<segment>.*), _genkey_1=/v3/api-docs/${segment}} to RewritePath
2026-01-23T19:15:56.931+05:30 DEBUG 22989 --- [           main] o.s.c.g.r.RouteDefinitionRouteLocator    : RouteDefinition matched: adminservice-api-docs
2026-01-23T19:15:56.931+05:30 DEBUG 22989 --- [           main] o.s.c.g.r.RouteDefinitionRouteLocator    : RouteDefinition notificationservice-swagger-ui applying {_genkey_0=/notificationservice/swagger-ui/**} to Path
2026-01-23T19:15:56.931+05:30 DEBUG 22989 --- [           main] o.s.c.g.r.RouteDefinitionRouteLocator    : RouteDefinition notificationservice-swagger-ui applying filter {_genkey_0=/notificationservice/swagger-ui/(?<segment>.*), _genkey_1=/swagger-ui/${segment}} to RewritePath
2026-01-23T19:15:56.931+05:30 DEBUG 22989 --- [           main] o.s.c.g.r.RouteDefinitionRouteLocator    : RouteDefinition matched: notificationservice-swagger-ui
2026-01-23T19:15:56.931+05:30 DEBUG 22989 --- [           main] o.s.c.g.r.RouteDefinitionRouteLocator    : RouteDefinition notificationservice-api-docs applying {_genkey_0=/notificationservice/v3/api-docs/**} to Path
2026-01-23T19:15:56.931+05:30 DEBUG 22989 --- [           main] o.s.c.g.r.RouteDefinitionRouteLocator    : RouteDefinition notificationservice-api-docs applying filter {_genkey_0=/notificationservice/v3/api-docs/(?<segment>.*), _genkey_1=/v3/api-docs/${segment}} to RewritePath
2026-01-23T19:15:56.932+05:30 DEBUG 22989 --- [           main] o.s.c.g.r.RouteDefinitionRouteLocator    : RouteDefinition matched: notificationservice-api-docs
2026-01-23T19:15:56.932+05:30 DEBUG 22989 --- [           main] o.s.c.g.r.RouteDefinitionRouteLocator    : RouteDefinition apigateway-swagger-ui-html applying {_genkey_0=/swagger-ui.html} to Path
2026-01-23T19:15:56.932+05:30 DEBUG 22989 --- [           main] o.s.c.g.r.RouteDefinitionRouteLocator    : RouteDefinition matched: apigateway-swagger-ui-html
2026-01-23T19:15:56.932+05:30 DEBUG 22989 --- [           main] o.s.c.g.r.RouteDefinitionRouteLocator    : RouteDefinition apigateway-swagger-ui applying {_genkey_0=/swagger-ui/**} to Path
2026-01-23T19:15:56.932+05:30 DEBUG 22989 --- [           main] o.s.c.g.r.RouteDefinitionRouteLocator    : RouteDefinition matched: apigateway-swagger-ui
2026-01-23T19:15:56.932+05:30 DEBUG 22989 --- [           main] o.s.c.g.r.RouteDefinitionRouteLocator    : RouteDefinition apigateway-api-docs applying {_genkey_0=/v3/api-docs/**} to Path
2026-01-23T19:15:56.932+05:30 DEBUG 22989 --- [           main] o.s.c.g.r.RouteDefinitionRouteLocator    : RouteDefinition matched: apigateway-api-docs
2026-01-23T19:15:56.935+05:30 DEBUG 22989 --- [           main] o.s.c.g.filter.GatewayMetricsFilter      : New routes count: 47
2026-01-23T19:15:56.936+05:30  INFO 22989 --- [           main] c.s.apigateway.ApiGatewayApplication     : Started ApiGatewayApplication in 1.853 seconds (process running for 2.007)
2026-01-23T19:16:29.895+05:30 DEBUG 22989 --- [     parallel-2] o.s.c.g.h.RoutePredicateHandlerMapping   : Route matched: productservice
2026-01-23T19:16:29.896+05:30 DEBUG 22989 --- [     parallel-2] o.s.c.g.h.RoutePredicateHandlerMapping   : Mapping [Exchange: GET http://localhost:8080/api/products/search?q=test] to Route{id='productservice', uri=http://localhost:8082, order=0, predicate=Paths: [/api/products/**], match trailing slash: true, gatewayFilters=[], metadata={}}
2026-01-23T19:16:29.896+05:30 DEBUG 22989 --- [     parallel-2] o.s.c.g.h.RoutePredicateHandlerMapping   : [280daf4c-2] Mapped to org.springframework.cloud.gateway.handler.FilteringWebHandler@6151f73d
2026-01-23T19:16:29.897+05:30 DEBUG 22989 --- [     parallel-2] o.s.c.g.handler.FilteringWebHandler      : Sorted gatewayFilterFactories: [[GatewayFilterAdapter{delegate=org.springframework.cloud.gateway.filter.RemoveCachedBodyFilter@783f5f71}, order = -2147483648], [GatewayFilterAdapter{delegate=org.springframework.cloud.gateway.filter.AdaptCachedBodyGlobalFilter@183a508b}, order = -2147482648], [GatewayFilterAdapter{delegate=com.swachvega.apigateway.filter.JwtAuthenticationFilter@b5390}, order = -100], [GatewayFilterAdapter{delegate=com.swachvega.apigateway.security.MerchantApprovalEnforcementFilter@37f71e8}, order = -85], [GatewayFilterAdapter{delegate=com.swachvega.apigateway.security.AdminEnforcementFilter@59831016}, order = -80], [GatewayFilterAdapter{delegate=org.springframework.cloud.gateway.filter.NettyWriteResponseFilter@397dfbe8}, order = -1], [GatewayFilterAdapter{delegate=org.springframework.cloud.gateway.filter.ForwardPathFilter@308be1a3}, order = 0], [GatewayFilterAdapter{delegate=org.springframework.cloud.gateway.filter.GatewayMetricsFilter@e4bb10b}, order = 0], [GatewayFilterAdapter{delegate=org.springframework.cloud.gateway.filter.RouteToRequestUrlFilter@3791af}, order = 10000], [GatewayFilterAdapter{delegate=org.springframework.cloud.gateway.config.GatewayNoLoadBalancerClientAutoConfiguration$NoLoadBalancerClientFilter@178c6261}, order = 10150], [GatewayFilterAdapter{delegate=org.springframework.cloud.gateway.filter.WebsocketRoutingFilter@32cde414}, order = 2147483646], [GatewayFilterAdapter{delegate=org.springframework.cloud.gateway.filter.NettyRoutingFilter@63b0b3dd}, order = 2147483647], [GatewayFilterAdapter{delegate=org.springframework.cloud.gateway.filter.ForwardRoutingFilter@66fff42f}, order = 2147483647]]
2026-01-23T19:16:29.900+05:30  INFO 22989 --- [     parallel-2] c.s.a.filter.JwtAuthenticationFilter     : Processing request: GET /api/products/search (normalized: /api/products/search) - Checking if public path
2026-01-23T19:16:29.901+05:30  INFO 22989 --- [     parallel-2] c.s.a.filter.JwtAuthenticationFilter     : Protected path detected, checking authentication: /api/products/search
2026-01-23T19:16:29.901+05:30  INFO 22989 --- [     parallel-2] c.s.a.filter.JwtAuthenticationFilter     : Authorization header for path /api/products/search: missing
2026-01-23T19:16:29.901+05:30 DEBUG 22989 --- [     parallel-2] c.s.a.security.SimpleJwtTokenProvider    : Extracting token from header: null
2026-01-23T19:16:29.901+05:30  WARN 22989 --- [     parallel-2] c.s.a.security.SimpleJwtTokenProvider    : Invalid or missing Bearer token in header
2026-01-23T19:16:29.901+05:30  WARN 22989 --- [     parallel-2] c.s.a.filter.JwtAuthenticationFilter     : No valid token found for protected path: /api/products/search
2026-01-23T19:16:29.901+05:30  WARN 22989 --- [     parallel-2] c.s.a.filter.JwtAuthenticationFilter     : Unauthorized access attempt: Missing or invalid authorization token
2026-01-23T19:16:35.328+05:30 DEBUG 22989 --- [     parallel-3] o.s.c.g.h.RoutePredicateHandlerMapping   : Route matched: orderservice
2026-01-23T19:16:35.328+05:30 DEBUG 22989 --- [     parallel-3] o.s.c.g.h.RoutePredicateHandlerMapping   : Mapping [Exchange: GET http://localhost:8080/api/orders/123] to Route{id='orderservice', uri=http://localhost:8086, order=0, predicate=Paths: [/api/orders/**, /api/trends/**], match trailing slash: true, gatewayFilters=[], metadata={}}
2026-01-23T19:16:35.328+05:30 DEBUG 22989 --- [     parallel-3] o.s.c.g.h.RoutePredicateHandlerMapping   : [507ba9a1-3] Mapped to org.springframework.cloud.gateway.handler.FilteringWebHandler@6151f73d
2026-01-23T19:16:35.329+05:30 DEBUG 22989 --- [     parallel-3] o.s.c.g.handler.FilteringWebHandler      : Sorted gatewayFilterFactories: [[GatewayFilterAdapter{delegate=org.springframework.cloud.gateway.filter.RemoveCachedBodyFilter@783f5f71}, order = -2147483648], [GatewayFilterAdapter{delegate=org.springframework.cloud.gateway.filter.AdaptCachedBodyGlobalFilter@183a508b}, order = -2147482648], [GatewayFilterAdapter{delegate=com.swachvega.apigateway.filter.JwtAuthenticationFilter@b5390}, order = -100], [GatewayFilterAdapter{delegate=com.swachvega.apigateway.security.MerchantApprovalEnforcementFilter@37f71e8}, order = -85], [GatewayFilterAdapter{delegate=com.swachvega.apigateway.security.AdminEnforcementFilter@59831016}, order = -80], [GatewayFilterAdapter{delegate=org.springframework.cloud.gateway.filter.NettyWriteResponseFilter@397dfbe8}, order = -1], [GatewayFilterAdapter{delegate=org.springframework.cloud.gateway.filter.ForwardPathFilter@308be1a3}, order = 0], [GatewayFilterAdapter{delegate=org.springframework.cloud.gateway.filter.GatewayMetricsFilter@e4bb10b}, order = 0], [GatewayFilterAdapter{delegate=org.springframework.cloud.gateway.filter.RouteToRequestUrlFilter@3791af}, order = 10000], [GatewayFilterAdapter{delegate=org.springframework.cloud.gateway.config.GatewayNoLoadBalancerClientAutoConfiguration$NoLoadBalancerClientFilter@178c6261}, order = 10150], [GatewayFilterAdapter{delegate=org.springframework.cloud.gateway.filter.WebsocketRoutingFilter@32cde414}, order = 2147483646], [GatewayFilterAdapter{delegate=org.springframework.cloud.gateway.filter.NettyRoutingFilter@63b0b3dd}, order = 2147483647], [GatewayFilterAdapter{delegate=org.springframework.cloud.gateway.filter.ForwardRoutingFilter@66fff42f}, order = 2147483647]]
2026-01-23T19:16:35.329+05:30  INFO 22989 --- [     parallel-3] c.s.a.filter.JwtAuthenticationFilter     : Processing request: GET /api/orders/123 (normalized: /api/orders/123) - Checking if public path
2026-01-23T19:16:35.329+05:30  INFO 22989 --- [     parallel-3] c.s.a.filter.JwtAuthenticationFilter     : Protected path detected, checking authentication: /api/orders/123
2026-01-23T19:16:35.329+05:30  INFO 22989 --- [     parallel-3] c.s.a.filter.JwtAuthenticationFilter     : Authorization header for path /api/orders/123: Bearer ***
2026-01-23T19:16:35.329+05:30 DEBUG 22989 --- [     parallel-3] c.s.a.security.SimpleJwtTokenProvider    : Extracting token from header: Bearer ***
2026-01-23T19:16:35.329+05:30 DEBUG 22989 --- [     parallel-3] c.s.a.security.SimpleJwtTokenProvider    : Token extracted successfully
2026-01-23T19:16:35.329+05:30  INFO 22989 --- [     parallel-3] c.s.a.filter.JwtAuthenticationFilter     : Token extracted successfully, validating for path: /api/orders/123
2026-01-23T19:16:35.329+05:30 DEBUG 22989 --- [     parallel-3] c.s.a.security.SimpleJwtTokenProvider    : Validating access token: test-token...
2026-01-23T19:16:35.332+05:30  WARN 22989 --- [     parallel-3] c.s.a.security.SimpleJwtTokenProvider    : Malformed token: Invalid compact JWT string: Compact JWSs must contain exactly 2 period characters, and compact JWEs must contain exactly 4.  Found: 0
2026-01-23T19:16:35.332+05:30 ERROR 22989 --- [     parallel-3] c.s.a.security.SimpleJwtTokenProvider    : Token validation failed: Malformed token
2026-01-23T19:16:35.332+05:30 DEBUG 22989 --- [     parallel-3] c.s.a.security.SimpleJwtTokenProvider    : Returning empty due to validation error: Malformed token
2026-01-23T19:16:35.332+05:30  WARN 22989 --- [     parallel-3] c.s.a.filter.JwtAuthenticationFilter     : Token validation failed - empty result (likely expired or invalid type) for path: /api/orders/123
2026-01-23T19:16:35.332+05:30  WARN 22989 --- [     parallel-3] c.s.a.filter.JwtAuthenticationFilter     : Unauthorized access attempt: Invalid or expired token
2026-01-23T19:18:27.527+05:30 DEBUG 22989 --- [     parallel-4] o.s.c.g.h.RoutePredicateHandlerMapping   : Route matched: merchantservice
2026-01-23T19:18:27.527+05:30 DEBUG 22989 --- [     parallel-4] o.s.c.g.h.RoutePredicateHandlerMapping   : Mapping [Exchange: POST http://127.0.0.1:8080/api/merchant/login] to Route{id='merchantservice', uri=http://localhost:8089, order=0, predicate=Paths: [/api/merchant/**], match trailing slash: true, gatewayFilters=[], metadata={}}
2026-01-23T19:18:27.527+05:30 DEBUG 22989 --- [     parallel-4] o.s.c.g.h.RoutePredicateHandlerMapping   : [b8c79241-4] Mapped to org.springframework.cloud.gateway.handler.FilteringWebHandler@6151f73d
2026-01-23T19:18:27.528+05:30 DEBUG 22989 --- [     parallel-4] o.s.c.g.handler.FilteringWebHandler      : Sorted gatewayFilterFactories: [[GatewayFilterAdapter{delegate=org.springframework.cloud.gateway.filter.RemoveCachedBodyFilter@783f5f71}, order = -2147483648], [GatewayFilterAdapter{delegate=org.springframework.cloud.gateway.filter.AdaptCachedBodyGlobalFilter@183a508b}, order = -2147482648], [GatewayFilterAdapter{delegate=com.swachvega.apigateway.filter.JwtAuthenticationFilter@b5390}, order = -100], [GatewayFilterAdapter{delegate=com.swachvega.apigateway.security.MerchantApprovalEnforcementFilter@37f71e8}, order = -85], [GatewayFilterAdapter{delegate=com.swachvega.apigateway.security.AdminEnforcementFilter@59831016}, order = -80], [GatewayFilterAdapter{delegate=org.springframework.cloud.gateway.filter.NettyWriteResponseFilter@397dfbe8}, order = -1], [GatewayFilterAdapter{delegate=org.springframework.cloud.gateway.filter.ForwardPathFilter@308be1a3}, order = 0], [GatewayFilterAdapter{delegate=org.springframework.cloud.gateway.filter.GatewayMetricsFilter@e4bb10b}, order = 0], [GatewayFilterAdapter{delegate=org.springframework.cloud.gateway.filter.RouteToRequestUrlFilter@3791af}, order = 10000], [GatewayFilterAdapter{delegate=org.springframework.cloud.gateway.config.GatewayNoLoadBalancerClientAutoConfiguration$NoLoadBalancerClientFilter@178c6261}, order = 10150], [GatewayFilterAdapter{delegate=org.springframework.cloud.gateway.filter.WebsocketRoutingFilter@32cde414}, order = 2147483646], [GatewayFilterAdapter{delegate=org.springframework.cloud.gateway.filter.NettyRoutingFilter@63b0b3dd}, order = 2147483647], [GatewayFilterAdapter{delegate=org.springframework.cloud.gateway.filter.ForwardRoutingFilter@66fff42f}, order = 2147483647]]
2026-01-23T19:18:27.529+05:30  INFO 22989 --- [     parallel-4] c.s.a.filter.JwtAuthenticationFilter     : Processing request: POST /api/merchant/login (normalized: /api/merchant/login) - Checking if public path
2026-01-23T19:18:27.530+05:30  INFO 22989 --- [     parallel-4] c.s.a.filter.JwtAuthenticationFilter     : Public path detected, skipping authentication: /api/merchant/login
2026-01-23T19:18:27.553+05:30 DEBUG 22989 --- [     parallel-4] g.f.h.o.ObservedRequestHttpHeadersFilter : Will instrument the HTTP request headers [Host:"127.0.0.1:8080", Cookie:"JSESSIONID=C54FFBDDE67A450A97AA70112AB7CD8E", Content-Type:"application/json", User-Agent:"insomnia/11.2.0", Accept:"*/*", Content-Length:"60", Forwarded:"proto=http;host="127.0.0.1:8080";for="127.0.0.1:63727"", X-Forwarded-For:"127.0.0.1", X-Forwarded-Proto:"http", X-Forwarded-Port:"8080", X-Forwarded-Host:"127.0.0.1:8080"]
2026-01-23T19:18:27.559+05:30 DEBUG 22989 --- [     parallel-4] g.f.h.o.ObservedRequestHttpHeadersFilter : Client observation  {name=http.client.requests(null), error=null, context=name='http.client.requests', contextualName='null', error='null', lowCardinalityKeyValues=[http.method='POST', http.status_code='UNKNOWN', spring.cloud.gateway.route.id='merchantservice', spring.cloud.gateway.route.uri='http://localhost:8089'], highCardinalityKeyValues=[http.uri='http://127.0.0.1:8080/api/merchant/login'], map=[class io.micrometer.core.instrument.LongTaskTimer$Sample='SampleImpl{duration(seconds)=0.003168459, duration(nanos)=3168459.0, startTimeNanos=8466069058041}', class io.micrometer.core.instrument.Timer$Sample='io.micrometer.core.instrument.Timer$Sample@21039d3a'], parentObservation=org.springframework.security.web.server.ObservationWebFilterChainDecorator$PhasedObservation@11decaaa} created for the request. New headers are [Host:"127.0.0.1:8080", Cookie:"JSESSIONID=C54FFBDDE67A450A97AA70112AB7CD8E", Content-Type:"application/json", User-Agent:"insomnia/11.2.0", Accept:"*/*", Content-Length:"60", Forwarded:"proto=http;host="127.0.0.1:8080";for="127.0.0.1:63727"", X-Forwarded-For:"127.0.0.1", X-Forwarded-Proto:"http", X-Forwarded-Port:"8080", X-Forwarded-Host:"127.0.0.1:8080"]
2026-01-23T19:18:28.348+05:30 DEBUG 22989 --- [ctor-http-nio-8] .f.h.o.ObservedResponseHttpHeadersFilter : Will instrument the response
2026-01-23T19:18:28.349+05:30 DEBUG 22989 --- [ctor-http-nio-8] .f.h.o.ObservedResponseHttpHeadersFilter : The response was handled for observation {name=http.client.requests(null), error=null, context=name='http.client.requests', contextualName='null', error='null', lowCardinalityKeyValues=[http.method='POST', http.status_code='UNKNOWN', spring.cloud.gateway.route.id='merchantservice', spring.cloud.gateway.route.uri='http://localhost:8089'], highCardinalityKeyValues=[http.uri='http://127.0.0.1:8080/api/merchant/login'], map=[class io.micrometer.core.instrument.LongTaskTimer$Sample='SampleImpl{duration(seconds)=0.793507375, duration(nanos)=7.93507375E8, startTimeNanos=8466069058041}', class io.micrometer.core.instrument.Timer$Sample='io.micrometer.core.instrument.Timer$Sample@21039d3a'], parentObservation=org.springframework.security.web.server.ObservationWebFilterChainDecorator$PhasedObservation@11decaaa}
2026-01-23T19:19:14.713+05:30 DEBUG 22989 --- [     parallel-7] o.s.c.g.h.RoutePredicateHandlerMapping   : Route matched: merchantservice
2026-01-23T19:19:14.715+05:30 DEBUG 22989 --- [     parallel-7] o.s.c.g.h.RoutePredicateHandlerMapping   : Mapping [Exchange: POST http://127.0.0.1:8080/api/merchant/login] to Route{id='merchantservice', uri=http://localhost:8089, order=0, predicate=Paths: [/api/merchant/**], match trailing slash: true, gatewayFilters=[], metadata={}}
2026-01-23T19:19:14.715+05:30 DEBUG 22989 --- [     parallel-7] o.s.c.g.h.RoutePredicateHandlerMapping   : [b8c79241-5] Mapped to org.springframework.cloud.gateway.handler.FilteringWebHandler@6151f73d
2026-01-23T19:19:14.716+05:30 DEBUG 22989 --- [     parallel-7] o.s.c.g.handler.FilteringWebHandler      : Sorted gatewayFilterFactories: [[GatewayFilterAdapter{delegate=org.springframework.cloud.gateway.filter.RemoveCachedBodyFilter@783f5f71}, order = -2147483648], [GatewayFilterAdapter{delegate=org.springframework.cloud.gateway.filter.AdaptCachedBodyGlobalFilter@183a508b}, order = -2147482648], [GatewayFilterAdapter{delegate=com.swachvega.apigateway.filter.JwtAuthenticationFilter@b5390}, order = -100], [GatewayFilterAdapter{delegate=com.swachvega.apigateway.security.MerchantApprovalEnforcementFilter@37f71e8}, order = -85], [GatewayFilterAdapter{delegate=com.swachvega.apigateway.security.AdminEnforcementFilter@59831016}, order = -80], [GatewayFilterAdapter{delegate=org.springframework.cloud.gateway.filter.NettyWriteResponseFilter@397dfbe8}, order = -1], [GatewayFilterAdapter{delegate=org.springframework.cloud.gateway.filter.ForwardPathFilter@308be1a3}, order = 0], [GatewayFilterAdapter{delegate=org.springframework.cloud.gateway.filter.GatewayMetricsFilter@e4bb10b}, order = 0], [GatewayFilterAdapter{delegate=org.springframework.cloud.gateway.filter.RouteToRequestUrlFilter@3791af}, order = 10000], [GatewayFilterAdapter{delegate=org.springframework.cloud.gateway.config.GatewayNoLoadBalancerClientAutoConfiguration$NoLoadBalancerClientFilter@178c6261}, order = 10150], [GatewayFilterAdapter{delegate=org.springframework.cloud.gateway.filter.WebsocketRoutingFilter@32cde414}, order = 2147483646], [GatewayFilterAdapter{delegate=org.springframework.cloud.gateway.filter.NettyRoutingFilter@63b0b3dd}, order = 2147483647], [GatewayFilterAdapter{delegate=org.springframework.cloud.gateway.filter.ForwardRoutingFilter@66fff42f}, order = 2147483647]]
2026-01-23T19:19:14.717+05:30  INFO 22989 --- [     parallel-7] c.s.a.filter.JwtAuthenticationFilter     : Processing request: POST /api/merchant/login (normalized: /api/merchant/login) - Checking if public path
2026-01-23T19:19:14.717+05:30  INFO 22989 --- [     parallel-7] c.s.a.filter.JwtAuthenticationFilter     : Public path detected, skipping authentication: /api/merchant/login
2026-01-23T19:19:14.719+05:30 DEBUG 22989 --- [     parallel-7] g.f.h.o.ObservedRequestHttpHeadersFilter : Will instrument the HTTP request headers [Host:"127.0.0.1:8080", Cookie:"JSESSIONID=C54FFBDDE67A450A97AA70112AB7CD8E", Content-Type:"application/json", User-Agent:"insomnia/11.2.0", Accept:"*/*", Content-Length:"79", Forwarded:"proto=http;host="127.0.0.1:8080";for="127.0.0.1:63727"", X-Forwarded-For:"127.0.0.1", X-Forwarded-Proto:"http", X-Forwarded-Port:"8080", X-Forwarded-Host:"127.0.0.1:8080"]
2026-01-23T19:19:14.720+05:30 DEBUG 22989 --- [     parallel-7] g.f.h.o.ObservedRequestHttpHeadersFilter : Client observation  {name=http.client.requests(null), error=null, context=name='http.client.requests', contextualName='null', error='null', lowCardinalityKeyValues=[http.method='POST', http.status_code='UNKNOWN', spring.cloud.gateway.route.id='merchantservice', spring.cloud.gateway.route.uri='http://localhost:8089'], highCardinalityKeyValues=[http.uri='http://127.0.0.1:8080/api/merchant/login'], map=[class io.micrometer.core.instrument.LongTaskTimer$Sample='SampleImpl{duration(seconds)=5.9625E-4, duration(nanos)=596250.0, startTimeNanos=8513232619708}', class io.micrometer.core.instrument.Timer$Sample='io.micrometer.core.instrument.Timer$Sample@3b7c7dea'], parentObservation=org.springframework.security.web.server.ObservationWebFilterChainDecorator$PhasedObservation@35bb84f5} created for the request. New headers are [Host:"127.0.0.1:8080", Cookie:"JSESSIONID=C54FFBDDE67A450A97AA70112AB7CD8E", Content-Type:"application/json", User-Agent:"insomnia/11.2.0", Accept:"*/*", Content-Length:"79", Forwarded:"proto=http;host="127.0.0.1:8080";for="127.0.0.1:63727"", X-Forwarded-For:"127.0.0.1", X-Forwarded-Proto:"http", X-Forwarded-Port:"8080", X-Forwarded-Host:"127.0.0.1:8080"]
2026-01-23T19:19:15.487+05:30 DEBUG 22989 --- [ctor-http-nio-8] .f.h.o.ObservedResponseHttpHeadersFilter : Will instrument the response
2026-01-23T19:19:15.488+05:30 DEBUG 22989 --- [ctor-http-nio-8] .f.h.o.ObservedResponseHttpHeadersFilter : The response was handled for observation {name=http.client.requests(null), error=null, context=name='http.client.requests', contextualName='null', error='null', lowCardinalityKeyValues=[http.method='POST', http.status_code='UNKNOWN', spring.cloud.gateway.route.id='merchantservice', spring.cloud.gateway.route.uri='http://localhost:8089'], highCardinalityKeyValues=[http.uri='http://127.0.0.1:8080/api/merchant/login'], map=[class io.micrometer.core.instrument.LongTaskTimer$Sample='SampleImpl{duration(seconds)=0.768799875, duration(nanos)=7.68799875E8, startTimeNanos=8513232619708}', class io.micrometer.core.instrument.Timer$Sample='io.micrometer.core.instrument.Timer$Sample@3b7c7dea'], parentObservation=org.springframework.security.web.server.ObservationWebFilterChainDecorator$PhasedObservation@35bb84f5}
2026-01-23T19:19:53.447+05:30 DEBUG 22989 --- [     parallel-2] o.s.c.g.h.RoutePredicateHandlerMapping   : Route matched: merchantservice
2026-01-23T19:19:53.448+05:30 DEBUG 22989 --- [     parallel-2] o.s.c.g.h.RoutePredicateHandlerMapping   : Mapping [Exchange: GET http://127.0.0.1:8080/api/merchant/suggestions?q=Col] to Route{id='merchantservice', uri=http://localhost:8089, order=0, predicate=Paths: [/api/merchant/**], match trailing slash: true, gatewayFilters=[], metadata={}}
2026-01-23T19:19:53.449+05:30 DEBUG 22989 --- [     parallel-2] o.s.c.g.h.RoutePredicateHandlerMapping   : [b8c79241-6] Mapped to org.springframework.cloud.gateway.handler.FilteringWebHandler@6151f73d
2026-01-23T19:19:53.449+05:30 DEBUG 22989 --- [     parallel-2] o.s.c.g.handler.FilteringWebHandler      : Sorted gatewayFilterFactories: [[GatewayFilterAdapter{delegate=org.springframework.cloud.gateway.filter.RemoveCachedBodyFilter@783f5f71}, order = -2147483648], [GatewayFilterAdapter{delegate=org.springframework.cloud.gateway.filter.AdaptCachedBodyGlobalFilter@183a508b}, order = -2147482648], [GatewayFilterAdapter{delegate=com.swachvega.apigateway.filter.JwtAuthenticationFilter@b5390}, order = -100], [GatewayFilterAdapter{delegate=com.swachvega.apigateway.security.MerchantApprovalEnforcementFilter@37f71e8}, order = -85], [GatewayFilterAdapter{delegate=com.swachvega.apigateway.security.AdminEnforcementFilter@59831016}, order = -80], [GatewayFilterAdapter{delegate=org.springframework.cloud.gateway.filter.NettyWriteResponseFilter@397dfbe8}, order = -1], [GatewayFilterAdapter{delegate=org.springframework.cloud.gateway.filter.ForwardPathFilter@308be1a3}, order = 0], [GatewayFilterAdapter{delegate=org.springframework.cloud.gateway.filter.GatewayMetricsFilter@e4bb10b}, order = 0], [GatewayFilterAdapter{delegate=org.springframework.cloud.gateway.filter.RouteToRequestUrlFilter@3791af}, order = 10000], [GatewayFilterAdapter{delegate=org.springframework.cloud.gateway.config.GatewayNoLoadBalancerClientAutoConfiguration$NoLoadBalancerClientFilter@178c6261}, order = 10150], [GatewayFilterAdapter{delegate=org.springframework.cloud.gateway.filter.WebsocketRoutingFilter@32cde414}, order = 2147483646], [GatewayFilterAdapter{delegate=org.springframework.cloud.gateway.filter.NettyRoutingFilter@63b0b3dd}, order = 2147483647], [GatewayFilterAdapter{delegate=org.springframework.cloud.gateway.filter.ForwardRoutingFilter@66fff42f}, order = 2147483647]]
2026-01-23T19:19:53.449+05:30  INFO 22989 --- [     parallel-2] c.s.a.filter.JwtAuthenticationFilter     : Processing request: GET /api/merchant/suggestions (normalized: /api/merchant/suggestions) - Checking if public path
2026-01-23T19:19:53.450+05:30  INFO 22989 --- [     parallel-2] c.s.a.filter.JwtAuthenticationFilter     : Protected path detected, checking authentication: /api/merchant/suggestions
2026-01-23T19:19:53.450+05:30  INFO 22989 --- [     parallel-2] c.s.a.filter.JwtAuthenticationFilter     : Authorization header for path /api/merchant/suggestions: Bearer ***
2026-01-23T19:19:53.450+05:30 DEBUG 22989 --- [     parallel-2] c.s.a.security.SimpleJwtTokenProvider    : Extracting token from header: Bearer ***
2026-01-23T19:19:53.450+05:30 DEBUG 22989 --- [     parallel-2] c.s.a.security.SimpleJwtTokenProvider    : Token extracted successfully
2026-01-23T19:19:53.450+05:30  INFO 22989 --- [     parallel-2] c.s.a.filter.JwtAuthenticationFilter     : Token extracted successfully, validating for path: /api/merchant/suggestions
2026-01-23T19:19:53.450+05:30 DEBUG 22989 --- [     parallel-2] c.s.a.security.SimpleJwtTokenProvider    : Validating access token: eyJhbGciOiJIUzI1NiJ9...
2026-01-23T19:19:53.506+05:30 DEBUG 22989 --- [     parallel-2] c.s.a.security.SimpleJwtTokenProvider    : Token validation successful for user: null
2026-01-23T19:19:53.506+05:30  INFO 22989 --- [     parallel-2] c.s.a.filter.JwtAuthenticationFilter     : Token validated successfully for user: null on path: /api/merchant/suggestions
2026-01-23T19:19:53.509+05:30  INFO 22989 --- [     parallel-2] c.s.a.filter.JwtAuthenticationFilter     : ADMIN/SUPER_ADMIN detected, allowing access to all APIs: /api/merchant/suggestions
2026-01-23T19:19:53.512+05:30 DEBUG 22989 --- [     parallel-2] g.f.h.o.ObservedRequestHttpHeadersFilter : Will instrument the HTTP request headers [Host:"127.0.0.1:8080", Cookie:"JSESSIONID=C54FFBDDE67A450A97AA70112AB7CD8E", User-Agent:"insomnia/11.2.0", X-Store-Id:"329", Authorization:"Bearer eyJhbGciOiJIUzI1NiJ9.eyJyb2xlIjoiQURNSU4iLCJwaG9uZU51bWJlciI6Ijk2MTYwMDE0MjUiLCJtZXJjaGFudElkIjoiMzVhNGQzOWEtMmYwMy00ZmRlLTg4NmItMTc5M2NhZmViMzBhIiwicmVnaXN0cmF0aW9uSWQiOiIzNWE0ZDM5YS0yZjAzLTRmZGUtODg2Yi0xNzkzY2FmZWIzMGEiLCJ0eXBlIjoiYWNjZXNzIiwidXNlcklkIjoiMzdmMmU3ZTUtMDQyMi00YTgzLTlkNDEtYzJhN2IwZWMzOWI5IiwiZW1haWwiOiJzaHZpYWt1bWFyMjVAZ21haWwuY29tIiwic3RhdHVzIjoiQVBQUk9WRUQiLCJpc3MiOiJzd2FjaHZlZ2EiLCJhdWQiOiJzd2FjaHZlZ2EtY2xpZW50cyIsImp0aSI6ImEyZjE2YTYxLTVjOGQtNDAyNS1hMTgzLTgzMzEzNTJiMzAwNyIsIm5iZiI6MTc2OTE3NjE1NSwiaWF0IjoxNzY5MTc2MTU1LCJleHAiOjE3NjkxNzcwNTV9.Tu4Xw0RYQS7GhB3pu8xTtzVrbpolJfKRRFIbX7mhAQU", Accept:"*/*", X-User-Id:"37f2e7e5-0422-4a83-9d41-c2a7b0ec39b9", X-Username:"shviakumar25@gmail.com", X-User-Role:"ADMIN", X-Session-Id:"null", X-Merchant-Id:"35a4d39a-2f03-4fde-886b-1793cafeb30a", X-User-Email:"shviakumar25@gmail.com", X-User-Phone:"9616001425", X-Token-IssuedAt:"1769176155", X-Token-ExpiresAt:"1769177055", X-Token-Id:"a2f16a61-5c8d-4025-a183-8331352b3007", Forwarded:"proto=http;host="127.0.0.1:8080";for="127.0.0.1:63727"", X-Forwarded-For:"127.0.0.1", X-Forwarded-Proto:"http", X-Forwarded-Port:"8080", X-Forwarded-Host:"127.0.0.1:8080"]
2026-01-23T19:19:53.512+05:30 DEBUG 22989 --- [     parallel-2] g.f.h.o.ObservedRequestHttpHeadersFilter : Client observation  {name=http.client.requests(null), error=null, context=name='http.client.requests', contextualName='null', error='null', lowCardinalityKeyValues=[http.method='GET', http.status_code='UNKNOWN', spring.cloud.gateway.route.id='merchantservice', spring.cloud.gateway.route.uri='http://localhost:8089'], highCardinalityKeyValues=[http.uri='http://127.0.0.1:8080/api/merchant/suggestions?q=Col'], map=[class io.micrometer.core.instrument.LongTaskTimer$Sample='SampleImpl{duration(seconds)=2.465E-4, duration(nanos)=246500.0, startTimeNanos=8552026015666}', class io.micrometer.core.instrument.Timer$Sample='io.micrometer.core.instrument.Timer$Sample@76caaf4e'], parentObservation=org.springframework.security.web.server.ObservationWebFilterChainDecorator$PhasedObservation@4c9aa44} created for the request. New headers are [Host:"127.0.0.1:8080", Cookie:"JSESSIONID=C54FFBDDE67A450A97AA70112AB7CD8E", User-Agent:"insomnia/11.2.0", X-Store-Id:"329", Authorization:"Bearer eyJhbGciOiJIUzI1NiJ9.eyJyb2xlIjoiQURNSU4iLCJwaG9uZU51bWJlciI6Ijk2MTYwMDE0MjUiLCJtZXJjaGFudElkIjoiMzVhNGQzOWEtMmYwMy00ZmRlLTg4NmItMTc5M2NhZmViMzBhIiwicmVnaXN0cmF0aW9uSWQiOiIzNWE0ZDM5YS0yZjAzLTRmZGUtODg2Yi0xNzkzY2FmZWIzMGEiLCJ0eXBlIjoiYWNjZXNzIiwidXNlcklkIjoiMzdmMmU3ZTUtMDQyMi00YTgzLTlkNDEtYzJhN2IwZWMzOWI5IiwiZW1haWwiOiJzaHZpYWt1bWFyMjVAZ21haWwuY29tIiwic3RhdHVzIjoiQVBQUk9WRUQiLCJpc3MiOiJzd2FjaHZlZ2EiLCJhdWQiOiJzd2FjaHZlZ2EtY2xpZW50cyIsImp0aSI6ImEyZjE2YTYxLTVjOGQtNDAyNS1hMTgzLTgzMzEzNTJiMzAwNyIsIm5iZiI6MTc2OTE3NjE1NSwiaWF0IjoxNzY5MTc2MTU1LCJleHAiOjE3NjkxNzcwNTV9.Tu4Xw0RYQS7GhB3pu8xTtzVrbpolJfKRRFIbX7mhAQU", Accept:"*/*", X-User-Id:"37f2e7e5-0422-4a83-9d41-c2a7b0ec39b9", X-Username:"shviakumar25@gmail.com", X-User-Role:"ADMIN", X-Session-Id:"null", X-Merchant-Id:"35a4d39a-2f03-4fde-886b-1793cafeb30a", X-User-Email:"shviakumar25@gmail.com", X-User-Phone:"9616001425", X-Token-IssuedAt:"1769176155", X-Token-ExpiresAt:"1769177055", X-Token-Id:"a2f16a61-5c8d-4025-a183-8331352b3007", Forwarded:"proto=http;host="127.0.0.1:8080";for="127.0.0.1:63727"", X-Forwarded-For:"127.0.0.1", X-Forwarded-Proto:"http", X-Forwarded-Port:"8080", X-Forwarded-Host:"127.0.0.1:8080"]
2026-01-23T19:19:53.759+05:30 DEBUG 22989 --- [ctor-http-nio-8] .f.h.o.ObservedResponseHttpHeadersFilter : Will instrument the response
2026-01-23T19:19:53.759+05:30 DEBUG 22989 --- [ctor-http-nio-8] .f.h.o.ObservedResponseHttpHeadersFilter : The response was handled for observation {name=http.client.requests(null), error=null, context=name='http.client.requests', contextualName='null', error='null', lowCardinalityKeyValues=[http.method='GET', http.status_code='UNKNOWN', spring.cloud.gateway.route.id='merchantservice', spring.cloud.gateway.route.uri='http://localhost:8089'], highCardinalityKeyValues=[http.uri='http://127.0.0.1:8080/api/merchant/suggestions?q=Col'], map=[class io.micrometer.core.instrument.LongTaskTimer$Sample='SampleImpl{duration(seconds)=0.247024042, duration(nanos)=2.47024042E8, startTimeNanos=8552026015666}', class io.micrometer.core.instrument.Timer$Sample='io.micrometer.core.instrument.Timer$Sample@76caaf4e'], parentObservation=org.springframework.security.web.server.ObservationWebFilterChainDecorator$PhasedObservation@4c9aa44}
2026-01-23T19:24:23.667+05:30 DEBUG 22989 --- [     parallel-5] o.s.c.g.h.RoutePredicateHandlerMapping   : Route matched: merchantservice
2026-01-23T19:24:23.668+05:30 DEBUG 22989 --- [     parallel-5] o.s.c.g.h.RoutePredicateHandlerMapping   : Mapping [Exchange: GET http://127.0.0.1:8080/api/merchant/suggestions?q=Col] to Route{id='merchantservice', uri=http://localhost:8089, order=0, predicate=Paths: [/api/merchant/**], match trailing slash: true, gatewayFilters=[], metadata={}}
2026-01-23T19:24:23.668+05:30 DEBUG 22989 --- [     parallel-5] o.s.c.g.h.RoutePredicateHandlerMapping   : [4721bb2a-7] Mapped to org.springframework.cloud.gateway.handler.FilteringWebHandler@6151f73d
2026-01-23T19:24:23.670+05:30 DEBUG 22989 --- [     parallel-5] o.s.c.g.handler.FilteringWebHandler      : Sorted gatewayFilterFactories: [[GatewayFilterAdapter{delegate=org.springframework.cloud.gateway.filter.RemoveCachedBodyFilter@783f5f71}, order = -2147483648], [GatewayFilterAdapter{delegate=org.springframework.cloud.gateway.filter.AdaptCachedBodyGlobalFilter@183a508b}, order = -2147482648], [GatewayFilterAdapter{delegate=com.swachvega.apigateway.filter.JwtAuthenticationFilter@b5390}, order = -100], [GatewayFilterAdapter{delegate=com.swachvega.apigateway.security.MerchantApprovalEnforcementFilter@37f71e8}, order = -85], [GatewayFilterAdapter{delegate=com.swachvega.apigateway.security.AdminEnforcementFilter@59831016}, order = -80], [GatewayFilterAdapter{delegate=org.springframework.cloud.gateway.filter.NettyWriteResponseFilter@397dfbe8}, order = -1], [GatewayFilterAdapter{delegate=org.springframework.cloud.gateway.filter.ForwardPathFilter@308be1a3}, order = 0], [GatewayFilterAdapter{delegate=org.springframework.cloud.gateway.filter.GatewayMetricsFilter@e4bb10b}, order = 0], [GatewayFilterAdapter{delegate=org.springframework.cloud.gateway.filter.RouteToRequestUrlFilter@3791af}, order = 10000], [GatewayFilterAdapter{delegate=org.springframework.cloud.gateway.config.GatewayNoLoadBalancerClientAutoConfiguration$NoLoadBalancerClientFilter@178c6261}, order = 10150], [GatewayFilterAdapter{delegate=org.springframework.cloud.gateway.filter.WebsocketRoutingFilter@32cde414}, order = 2147483646], [GatewayFilterAdapter{delegate=org.springframework.cloud.gateway.filter.NettyRoutingFilter@63b0b3dd}, order = 2147483647], [GatewayFilterAdapter{delegate=org.springframework.cloud.gateway.filter.ForwardRoutingFilter@66fff42f}, order = 2147483647]]
2026-01-23T19:24:23.670+05:30  INFO 22989 --- [     parallel-5] c.s.a.filter.JwtAuthenticationFilter     : Processing request: GET /api/merchant/suggestions (normalized: /api/merchant/suggestions) - Checking if public path
2026-01-23T19:24:23.671+05:30  INFO 22989 --- [     parallel-5] c.s.a.filter.JwtAuthenticationFilter     : Protected path detected, checking authentication: /api/merchant/suggestions
2026-01-23T19:24:23.671+05:30  INFO 22989 --- [     parallel-5] c.s.a.filter.JwtAuthenticationFilter     : Authorization header for path /api/merchant/suggestions: Bearer ***
2026-01-23T19:24:23.671+05:30 DEBUG 22989 --- [     parallel-5] c.s.a.security.SimpleJwtTokenProvider    : Extracting token from header: Bearer ***
2026-01-23T19:24:23.671+05:30 DEBUG 22989 --- [     parallel-5] c.s.a.security.SimpleJwtTokenProvider    : Token extracted successfully
2026-01-23T19:24:23.671+05:30  INFO 22989 --- [     parallel-5] c.s.a.filter.JwtAuthenticationFilter     : Token extracted successfully, validating for path: /api/merchant/suggestions
2026-01-23T19:24:23.671+05:30 DEBUG 22989 --- [     parallel-5] c.s.a.security.SimpleJwtTokenProvider    : Validating access token: test-token...
2026-01-23T19:24:23.673+05:30  WARN 22989 --- [     parallel-5] c.s.a.security.SimpleJwtTokenProvider    : Malformed token: Invalid compact JWT string: Compact JWSs must contain exactly 2 period characters, and compact JWEs must contain exactly 4.  Found: 0
2026-01-23T19:24:23.673+05:30 ERROR 22989 --- [     parallel-5] c.s.a.security.SimpleJwtTokenProvider    : Token validation failed: Malformed token
2026-01-23T19:24:23.673+05:30 DEBUG 22989 --- [     parallel-5] c.s.a.security.SimpleJwtTokenProvider    : Returning empty due to validation error: Malformed token
2026-01-23T19:24:23.673+05:30  WARN 22989 --- [     parallel-5] c.s.a.filter.JwtAuthenticationFilter     : Token validation failed - empty result (likely expired or invalid type) for path: /api/merchant/suggestions
2026-01-23T19:24:23.673+05:30  WARN 22989 --- [     parallel-5] c.s.a.filter.JwtAuthenticationFilter     : Unauthorized access attempt: Invalid or expired token
2026-01-23T19:28:59.836+05:30 DEBUG 22989 --- [     parallel-6] o.s.c.g.h.RoutePredicateHandlerMapping   : Route matched: merchantservice
2026-01-23T19:28:59.838+05:30 DEBUG 22989 --- [     parallel-6] o.s.c.g.h.RoutePredicateHandlerMapping   : Mapping [Exchange: GET http://127.0.0.1:8080/api/merchant/suggestions?q=Col] to Route{id='merchantservice', uri=http://localhost:8089, order=0, predicate=Paths: [/api/merchant/**], match trailing slash: true, gatewayFilters=[], metadata={}}
2026-01-23T19:28:59.838+05:30 DEBUG 22989 --- [     parallel-6] o.s.c.g.h.RoutePredicateHandlerMapping   : [8ca659b0-8] Mapped to org.springframework.cloud.gateway.handler.FilteringWebHandler@6151f73d
2026-01-23T19:28:59.839+05:30 DEBUG 22989 --- [     parallel-6] o.s.c.g.handler.FilteringWebHandler      : Sorted gatewayFilterFactories: [[GatewayFilterAdapter{delegate=org.springframework.cloud.gateway.filter.RemoveCachedBodyFilter@783f5f71}, order = -2147483648], [GatewayFilterAdapter{delegate=org.springframework.cloud.gateway.filter.AdaptCachedBodyGlobalFilter@183a508b}, order = -2147482648], [GatewayFilterAdapter{delegate=com.swachvega.apigateway.filter.JwtAuthenticationFilter@b5390}, order = -100], [GatewayFilterAdapter{delegate=com.swachvega.apigateway.security.MerchantApprovalEnforcementFilter@37f71e8}, order = -85], [GatewayFilterAdapter{delegate=com.swachvega.apigateway.security.AdminEnforcementFilter@59831016}, order = -80], [GatewayFilterAdapter{delegate=org.springframework.cloud.gateway.filter.NettyWriteResponseFilter@397dfbe8}, order = -1], [GatewayFilterAdapter{delegate=org.springframework.cloud.gateway.filter.ForwardPathFilter@308be1a3}, order = 0], [GatewayFilterAdapter{delegate=org.springframework.cloud.gateway.filter.GatewayMetricsFilter@e4bb10b}, order = 0], [GatewayFilterAdapter{delegate=org.springframework.cloud.gateway.filter.RouteToRequestUrlFilter@3791af}, order = 10000], [GatewayFilterAdapter{delegate=org.springframework.cloud.gateway.config.GatewayNoLoadBalancerClientAutoConfiguration$NoLoadBalancerClientFilter@178c6261}, order = 10150], [GatewayFilterAdapter{delegate=org.springframework.cloud.gateway.filter.WebsocketRoutingFilter@32cde414}, order = 2147483646], [GatewayFilterAdapter{delegate=org.springframework.cloud.gateway.filter.NettyRoutingFilter@63b0b3dd}, order = 2147483647], [GatewayFilterAdapter{delegate=org.springframework.cloud.gateway.filter.ForwardRoutingFilter@66fff42f}, order = 2147483647]]
2026-01-23T19:28:59.840+05:30  INFO 22989 --- [     parallel-6] c.s.a.filter.JwtAuthenticationFilter     : Processing request: GET /api/merchant/suggestions (normalized: /api/merchant/suggestions) - Checking if public path
2026-01-23T19:28:59.841+05:30  INFO 22989 --- [     parallel-6] c.s.a.filter.JwtAuthenticationFilter     : Protected path detected, checking authentication: /api/merchant/suggestions
2026-01-23T19:28:59.841+05:30  INFO 22989 --- [     parallel-6] c.s.a.filter.JwtAuthenticationFilter     : Authorization header for path /api/merchant/suggestions: Bearer ***
2026-01-23T19:28:59.841+05:30 DEBUG 22989 --- [     parallel-6] c.s.a.security.SimpleJwtTokenProvider    : Extracting token from header: Bearer ***
2026-01-23T19:28:59.841+05:30 DEBUG 22989 --- [     parallel-6] c.s.a.security.SimpleJwtTokenProvider    : Token extracted successfully
2026-01-23T19:28:59.841+05:30  INFO 22989 --- [     parallel-6] c.s.a.filter.JwtAuthenticationFilter     : Token extracted successfully, validating for path: /api/merchant/suggestions
2026-01-23T19:28:59.841+05:30 DEBUG 22989 --- [     parallel-6] c.s.a.security.SimpleJwtTokenProvider    : Validating access token: test-token...
2026-01-23T19:28:59.843+05:30  WARN 22989 --- [     parallel-6] c.s.a.security.SimpleJwtTokenProvider    : Malformed token: Invalid compact JWT string: Compact JWSs must contain exactly 2 period characters, and compact JWEs must contain exactly 4.  Found: 0
2026-01-23T19:28:59.843+05:30 ERROR 22989 --- [     parallel-6] c.s.a.security.SimpleJwtTokenProvider    : Token validation failed: Malformed token
2026-01-23T19:28:59.843+05:30 DEBUG 22989 --- [     parallel-6] c.s.a.security.SimpleJwtTokenProvider    : Returning empty due to validation error: Malformed token
2026-01-23T19:28:59.843+05:30  WARN 22989 --- [     parallel-6] c.s.a.filter.JwtAuthenticationFilter     : Token validation failed - empty result (likely expired or invalid type) for path: /api/merchant/suggestions
2026-01-23T19:28:59.843+05:30  WARN 22989 --- [     parallel-6] c.s.a.filter.JwtAuthenticationFilter     : Unauthorized access attempt: Invalid or expired token
2026-01-23T19:29:27.344+05:30 DEBUG 22989 --- [     parallel-7] o.s.c.g.h.RoutePredicateHandlerMapping   : Route matched: merchantservice
2026-01-23T19:29:27.345+05:30 DEBUG 22989 --- [     parallel-7] o.s.c.g.h.RoutePredicateHandlerMapping   : Mapping [Exchange: GET http://127.0.0.1:8080/api/merchant/suggestions?q=Col] to Route{id='merchantservice', uri=http://localhost:8089, order=0, predicate=Paths: [/api/merchant/**], match trailing slash: true, gatewayFilters=[], metadata={}}
2026-01-23T19:29:27.345+05:30 DEBUG 22989 --- [     parallel-7] o.s.c.g.h.RoutePredicateHandlerMapping   : [839047d9-9] Mapped to org.springframework.cloud.gateway.handler.FilteringWebHandler@6151f73d
2026-01-23T19:29:27.347+05:30 DEBUG 22989 --- [     parallel-7] o.s.c.g.handler.FilteringWebHandler      : Sorted gatewayFilterFactories: [[GatewayFilterAdapter{delegate=org.springframework.cloud.gateway.filter.RemoveCachedBodyFilter@783f5f71}, order = -2147483648], [GatewayFilterAdapter{delegate=org.springframework.cloud.gateway.filter.AdaptCachedBodyGlobalFilter@183a508b}, order = -2147482648], [GatewayFilterAdapter{delegate=com.swachvega.apigateway.filter.JwtAuthenticationFilter@b5390}, order = -100], [GatewayFilterAdapter{delegate=com.swachvega.apigateway.security.MerchantApprovalEnforcementFilter@37f71e8}, order = -85], [GatewayFilterAdapter{delegate=com.swachvega.apigateway.security.AdminEnforcementFilter@59831016}, order = -80], [GatewayFilterAdapter{delegate=org.springframework.cloud.gateway.filter.NettyWriteResponseFilter@397dfbe8}, order = -1], [GatewayFilterAdapter{delegate=org.springframework.cloud.gateway.filter.ForwardPathFilter@308be1a3}, order = 0], [GatewayFilterAdapter{delegate=org.springframework.cloud.gateway.filter.GatewayMetricsFilter@e4bb10b}, order = 0], [GatewayFilterAdapter{delegate=org.springframework.cloud.gateway.filter.RouteToRequestUrlFilter@3791af}, order = 10000], [GatewayFilterAdapter{delegate=org.springframework.cloud.gateway.config.GatewayNoLoadBalancerClientAutoConfiguration$NoLoadBalancerClientFilter@178c6261}, order = 10150], [GatewayFilterAdapter{delegate=org.springframework.cloud.gateway.filter.WebsocketRoutingFilter@32cde414}, order = 2147483646], [GatewayFilterAdapter{delegate=org.springframework.cloud.gateway.filter.NettyRoutingFilter@63b0b3dd}, order = 2147483647], [GatewayFilterAdapter{delegate=org.springframework.cloud.gateway.filter.ForwardRoutingFilter@66fff42f}, order = 2147483647]]
2026-01-23T19:29:27.347+05:30  INFO 22989 --- [     parallel-7] c.s.a.filter.JwtAuthenticationFilter     : Processing request: GET /api/merchant/suggestions (normalized: /api/merchant/suggestions) - Checking if public path
2026-01-23T19:29:27.347+05:30  INFO 22989 --- [     parallel-7] c.s.a.filter.JwtAuthenticationFilter     : Protected path detected, checking authentication: /api/merchant/suggestions
2026-01-23T19:29:27.347+05:30  INFO 22989 --- [     parallel-7] c.s.a.filter.JwtAuthenticationFilter     : Authorization header for path /api/merchant/suggestions: Bearer ***
2026-01-23T19:29:27.347+05:30 DEBUG 22989 --- [     parallel-7] c.s.a.security.SimpleJwtTokenProvider    : Extracting token from header: Bearer ***
2026-01-23T19:29:27.347+05:30 DEBUG 22989 --- [     parallel-7] c.s.a.security.SimpleJwtTokenProvider    : Token extracted successfully
2026-01-23T19:29:27.347+05:30  INFO 22989 --- [     parallel-7] c.s.a.filter.JwtAuthenticationFilter     : Token extracted successfully, validating for path: /api/merchant/suggestions
2026-01-23T19:29:27.348+05:30 DEBUG 22989 --- [     parallel-7] c.s.a.security.SimpleJwtTokenProvider    : Validating access token: eyJhbGciOiJIUzI1NiJ9...
2026-01-23T19:29:27.383+05:30 DEBUG 22989 --- [     parallel-7] c.s.a.security.SimpleJwtTokenProvider    : Token validation successful for user: null
2026-01-23T19:29:27.384+05:30  INFO 22989 --- [     parallel-7] c.s.a.filter.JwtAuthenticationFilter     : Token validated successfully for user: null on path: /api/merchant/suggestions
2026-01-23T19:29:27.385+05:30  INFO 22989 --- [     parallel-7] c.s.a.filter.JwtAuthenticationFilter     : ADMIN/SUPER_ADMIN detected, allowing access to all APIs: /api/merchant/suggestions
2026-01-23T19:29:27.409+05:30 DEBUG 22989 --- [     parallel-7] g.f.h.o.ObservedRequestHttpHeadersFilter : Will instrument the HTTP request headers [Host:"127.0.0.1:8080", Cookie:"JSESSIONID=C54FFBDDE67A450A97AA70112AB7CD8E", User-Agent:"insomnia/11.2.0", X-Store-Id:"329", Authorization:"Bearer eyJhbGciOiJIUzI1NiJ9.eyJyb2xlIjoiQURNSU4iLCJwaG9uZU51bWJlciI6Ijk2MTYwMDE0MjUiLCJtZXJjaGFudElkIjoiMzVhNGQzOWEtMmYwMy00ZmRlLTg4NmItMTc5M2NhZmViMzBhIiwicmVnaXN0cmF0aW9uSWQiOiIzNWE0ZDM5YS0yZjAzLTRmZGUtODg2Yi0xNzkzY2FmZWIzMGEiLCJ0eXBlIjoiYWNjZXNzIiwidXNlcklkIjoiMzdmMmU3ZTUtMDQyMi00YTgzLTlkNDEtYzJhN2IwZWMzOWI5IiwiZW1haWwiOiJzaHZpYWt1bWFyMjVAZ21haWwuY29tIiwic3RhdHVzIjoiQVBQUk9WRUQiLCJpc3MiOiJzd2FjaHZlZ2EiLCJhdWQiOiJzd2FjaHZlZ2EtY2xpZW50cyIsImp0aSI6ImEyZjE2YTYxLTVjOGQtNDAyNS1hMTgzLTgzMzEzNTJiMzAwNyIsIm5iZiI6MTc2OTE3NjE1NSwiaWF0IjoxNzY5MTc2MTU1LCJleHAiOjE3NjkxNzcwNTV9.Tu4Xw0RYQS7GhB3pu8xTtzVrbpolJfKRRFIbX7mhAQU", Accept:"*/*", X-User-Id:"37f2e7e5-0422-4a83-9d41-c2a7b0ec39b9", X-Username:"shviakumar25@gmail.com", X-User-Role:"ADMIN", X-Session-Id:"null", X-Merchant-Id:"35a4d39a-2f03-4fde-886b-1793cafeb30a", X-User-Email:"shviakumar25@gmail.com", X-User-Phone:"9616001425", X-Token-IssuedAt:"1769176155", X-Token-ExpiresAt:"1769177055", X-Token-Id:"a2f16a61-5c8d-4025-a183-8331352b3007", Forwarded:"proto=http;host="127.0.0.1:8080";for="127.0.0.1:64726"", X-Forwarded-For:"127.0.0.1", X-Forwarded-Proto:"http", X-Forwarded-Port:"8080", X-Forwarded-Host:"127.0.0.1:8080"]
2026-01-23T19:29:27.420+05:30 DEBUG 22989 --- [     parallel-7] g.f.h.o.ObservedRequestHttpHeadersFilter : Client observation  {name=http.client.requests(null), error=null, context=name='http.client.requests', contextualName='null', error='null', lowCardinalityKeyValues=[http.method='GET', http.status_code='UNKNOWN', spring.cloud.gateway.route.id='merchantservice', spring.cloud.gateway.route.uri='http://localhost:8089'], highCardinalityKeyValues=[http.uri='http://127.0.0.1:8080/api/merchant/suggestions?q=Col'], map=[class io.micrometer.core.instrument.LongTaskTimer$Sample='SampleImpl{duration(seconds)=7.46333E-4, duration(nanos)=746333.0, startTimeNanos=9125929036125}', class io.micrometer.core.instrument.Timer$Sample='io.micrometer.core.instrument.Timer$Sample@2ccd2e99'], parentObservation=org.springframework.security.web.server.ObservationWebFilterChainDecorator$PhasedObservation@45389bd9} created for the request. New headers are [Host:"127.0.0.1:8080", Cookie:"JSESSIONID=C54FFBDDE67A450A97AA70112AB7CD8E", User-Agent:"insomnia/11.2.0", X-Store-Id:"329", Authorization:"Bearer eyJhbGciOiJIUzI1NiJ9.eyJyb2xlIjoiQURNSU4iLCJwaG9uZU51bWJlciI6Ijk2MTYwMDE0MjUiLCJtZXJjaGFudElkIjoiMzVhNGQzOWEtMmYwMy00ZmRlLTg4NmItMTc5M2NhZmViMzBhIiwicmVnaXN0cmF0aW9uSWQiOiIzNWE0ZDM5YS0yZjAzLTRmZGUtODg2Yi0xNzkzY2FmZWIzMGEiLCJ0eXBlIjoiYWNjZXNzIiwidXNlcklkIjoiMzdmMmU3ZTUtMDQyMi00YTgzLTlkNDEtYzJhN2IwZWMzOWI5IiwiZW1haWwiOiJzaHZpYWt1bWFyMjVAZ21haWwuY29tIiwic3RhdHVzIjoiQVBQUk9WRUQiLCJpc3MiOiJzd2FjaHZlZ2EiLCJhdWQiOiJzd2FjaHZlZ2EtY2xpZW50cyIsImp0aSI6ImEyZjE2YTYxLTVjOGQtNDAyNS1hMTgzLTgzMzEzNTJiMzAwNyIsIm5iZiI6MTc2OTE3NjE1NSwiaWF0IjoxNzY5MTc2MTU1LCJleHAiOjE3NjkxNzcwNTV9.Tu4Xw0RYQS7GhB3pu8xTtzVrbpolJfKRRFIbX7mhAQU", Accept:"*/*", X-User-Id:"37f2e7e5-0422-4a83-9d41-c2a7b0ec39b9", X-Username:"shviakumar25@gmail.com", X-User-Role:"ADMIN", X-Session-Id:"null", X-Merchant-Id:"35a4d39a-2f03-4fde-886b-1793cafeb30a", X-User-Email:"shviakumar25@gmail.com", X-User-Phone:"9616001425", X-Token-IssuedAt:"1769176155", X-Token-ExpiresAt:"1769177055", X-Token-Id:"a2f16a61-5c8d-4025-a183-8331352b3007", Forwarded:"proto=http;host="127.0.0.1:8080";for="127.0.0.1:64726"", X-Forwarded-For:"127.0.0.1", X-Forwarded-Proto:"http", X-Forwarded-Port:"8080", X-Forwarded-Host:"127.0.0.1:8080"]
2026-01-23T19:29:27.527+05:30 ERROR 22989 --- [ctor-http-nio-4] c.s.a.filter.JwtAuthenticationFilter     : Downstream error after successful authentication for path /api/merchant/suggestions: Connection refused: localhost/[0:0:0:0:0:0:0:1]:8089

io.netty.channel.AbstractChannel$AnnotatedConnectException: Connection refused: localhost/[0:0:0:0:0:0:0:1]:8089
Caused by: java.net.ConnectException: Connection refused
	at java.base/sun.nio.ch.Net.pollConnect(Native Method) ~[na:na]
	at java.base/sun.nio.ch.Net.pollConnectNow(Net.java:682) ~[na:na]
	at java.base/sun.nio.ch.SocketChannelImpl.finishConnect(SocketChannelImpl.java:973) ~[na:na]
	at io.netty.channel.socket.nio.NioSocketChannel.doFinishConnect(NioSocketChannel.java:337) ~[netty-transport-4.1.109.Final.jar:4.1.109.Final]
	at io.netty.channel.nio.AbstractNioChannel$AbstractNioUnsafe.finishConnect(AbstractNioChannel.java:339) ~[netty-transport-4.1.109.Final.jar:4.1.109.Final]
	at io.netty.channel.nio.NioEventLoop.processSelectedKey(NioEventLoop.java:776) ~[netty-transport-4.1.109.Final.jar:4.1.109.Final]
	at io.netty.channel.nio.NioEventLoop.processSelectedKeysOptimized(NioEventLoop.java:724) ~[netty-transport-4.1.109.Final.jar:4.1.109.Final]
	at io.netty.channel.nio.NioEventLoop.processSelectedKeys(NioEventLoop.java:650) ~[netty-transport-4.1.109.Final.jar:4.1.109.Final]
	at io.netty.channel.nio.NioEventLoop.run(NioEventLoop.java:562) ~[netty-transport-4.1.109.Final.jar:4.1.109.Final]
	at io.netty.util.concurrent.SingleThreadEventExecutor$4.run(SingleThreadEventExecutor.java:997) ~[netty-common-4.1.109.Final.jar:4.1.109.Final]
	at io.netty.util.internal.ThreadExecutorMap$2.run(ThreadExecutorMap.java:74) ~[netty-common-4.1.109.Final.jar:4.1.109.Final]
	at io.netty.util.concurrent.FastThreadLocalRunnable.run(FastThreadLocalRunnable.java:30) ~[netty-common-4.1.109.Final.jar:4.1.109.Final]
	at java.base/java.lang.Thread.run(Thread.java:1583) ~[na:na]

2026-01-23T19:29:27.630+05:30 ERROR 22989 --- [ctor-http-nio-4] c.s.a.config.GatewayErrorHandler         : Gateway request failed: status=502 path=http://127.0.0.1:8080/api/merchant/suggestions?q=Col cause=io.netty.channel.AbstractChannel$AnnotatedConnectException: Connection refused: localhost/[0:0:0:0:0:0:0:1]:8089

io.netty.channel.AbstractChannel$AnnotatedConnectException: Connection refused: localhost/[0:0:0:0:0:0:0:1]:8089
	Suppressed: reactor.core.publisher.FluxOnAssembly$OnAssemblyException: 
Error has been observed at the following site(s):
	*__checkpoint ⇢ org.springframework.cloud.gateway.filter.WeightCalculatorWebFilter [DefaultWebFilterChain]
	*__checkpoint ⇢ AuthorizationWebFilter [DefaultWebFilterChain]
	*__checkpoint ⇢ ExceptionTranslationWebFilter [DefaultWebFilterChain]
	*__checkpoint ⇢ LogoutWebFilter [DefaultWebFilterChain]
	*__checkpoint ⇢ ServerRequestCacheWebFilter [DefaultWebFilterChain]
	*__checkpoint ⇢ SecurityContextServerWebExchangeWebFilter [DefaultWebFilterChain]
	*__checkpoint ⇢ ReactorContextWebFilter [DefaultWebFilterChain]
	*__checkpoint ⇢ CorsWebFilter [DefaultWebFilterChain]
	*__checkpoint ⇢ HttpHeaderWriterWebFilter [DefaultWebFilterChain]
	*__checkpoint ⇢ ServerWebExchangeReactorContextWebFilter [DefaultWebFilterChain]
	*__checkpoint ⇢ org.springframework.security.web.server.WebFilterChainProxy [DefaultWebFilterChain]
	*__checkpoint ⇢ HTTP GET "/api/merchant/suggestions?q=Col" [ExceptionHandlingWebHandler]
Original Stack Trace:
Caused by: java.net.ConnectException: Connection refused
	at java.base/sun.nio.ch.Net.pollConnect(Native Method) ~[na:na]
	at java.base/sun.nio.ch.Net.pollConnectNow(Net.java:682) ~[na:na]
	at java.base/sun.nio.ch.SocketChannelImpl.finishConnect(SocketChannelImpl.java:973) ~[na:na]
	at io.netty.channel.socket.nio.NioSocketChannel.doFinishConnect(NioSocketChannel.java:337) ~[netty-transport-4.1.109.Final.jar:4.1.109.Final]
	at io.netty.channel.nio.AbstractNioChannel$AbstractNioUnsafe.finishConnect(AbstractNioChannel.java:339) ~[netty-transport-4.1.109.Final.jar:4.1.109.Final]
	at io.netty.channel.nio.NioEventLoop.processSelectedKey(NioEventLoop.java:776) ~[netty-transport-4.1.109.Final.jar:4.1.109.Final]
	at io.netty.channel.nio.NioEventLoop.processSelectedKeysOptimized(NioEventLoop.java:724) ~[netty-transport-4.1.109.Final.jar:4.1.109.Final]
	at io.netty.channel.nio.NioEventLoop.processSelectedKeys(NioEventLoop.java:650) ~[netty-transport-4.1.109.Final.jar:4.1.109.Final]
	at io.netty.channel.nio.NioEventLoop.run(NioEventLoop.java:562) ~[netty-transport-4.1.109.Final.jar:4.1.109.Final]
	at io.netty.util.concurrent.SingleThreadEventExecutor$4.run(SingleThreadEventExecutor.java:997) ~[netty-common-4.1.109.Final.jar:4.1.109.Final]
	at io.netty.util.internal.ThreadExecutorMap$2.run(ThreadExecutorMap.java:74) ~[netty-common-4.1.109.Final.jar:4.1.109.Final]
	at io.netty.util.concurrent.FastThreadLocalRunnable.run(FastThreadLocalRunnable.java:30) ~[netty-common-4.1.109.Final.jar:4.1.109.Final]
	at java.base/java.lang.Thread.run(Thread.java:1583) ~[na:na]

2026-01-23T19:29:37.725+05:30 DEBUG 22989 --- [     parallel-1] o.s.c.g.h.RoutePredicateHandlerMapping   : Route matched: merchantservice
2026-01-23T19:29:37.725+05:30 DEBUG 22989 --- [     parallel-1] o.s.c.g.h.RoutePredicateHandlerMapping   : Mapping [Exchange: POST http://127.0.0.1:8080/api/merchant/login] to Route{id='merchantservice', uri=http://localhost:8089, order=0, predicate=Paths: [/api/merchant/**], match trailing slash: true, gatewayFilters=[], metadata={}}
2026-01-23T19:29:37.725+05:30 DEBUG 22989 --- [     parallel-1] o.s.c.g.h.RoutePredicateHandlerMapping   : [839047d9-10] Mapped to org.springframework.cloud.gateway.handler.FilteringWebHandler@6151f73d
2026-01-23T19:29:37.725+05:30 DEBUG 22989 --- [     parallel-1] o.s.c.g.handler.FilteringWebHandler      : Sorted gatewayFilterFactories: [[GatewayFilterAdapter{delegate=org.springframework.cloud.gateway.filter.RemoveCachedBodyFilter@783f5f71}, order = -2147483648], [GatewayFilterAdapter{delegate=org.springframework.cloud.gateway.filter.AdaptCachedBodyGlobalFilter@183a508b}, order = -2147482648], [GatewayFilterAdapter{delegate=com.swachvega.apigateway.filter.JwtAuthenticationFilter@b5390}, order = -100], [GatewayFilterAdapter{delegate=com.swachvega.apigateway.security.MerchantApprovalEnforcementFilter@37f71e8}, order = -85], [GatewayFilterAdapter{delegate=com.swachvega.apigateway.security.AdminEnforcementFilter@59831016}, order = -80], [GatewayFilterAdapter{delegate=org.springframework.cloud.gateway.filter.NettyWriteResponseFilter@397dfbe8}, order = -1], [GatewayFilterAdapter{delegate=org.springframework.cloud.gateway.filter.ForwardPathFilter@308be1a3}, order = 0], [GatewayFilterAdapter{delegate=org.springframework.cloud.gateway.filter.GatewayMetricsFilter@e4bb10b}, order = 0], [GatewayFilterAdapter{delegate=org.springframework.cloud.gateway.filter.RouteToRequestUrlFilter@3791af}, order = 10000], [GatewayFilterAdapter{delegate=org.springframework.cloud.gateway.config.GatewayNoLoadBalancerClientAutoConfiguration$NoLoadBalancerClientFilter@178c6261}, order = 10150], [GatewayFilterAdapter{delegate=org.springframework.cloud.gateway.filter.WebsocketRoutingFilter@32cde414}, order = 2147483646], [GatewayFilterAdapter{delegate=org.springframework.cloud.gateway.filter.NettyRoutingFilter@63b0b3dd}, order = 2147483647], [GatewayFilterAdapter{delegate=org.springframework.cloud.gateway.filter.ForwardRoutingFilter@66fff42f}, order = 2147483647]]
2026-01-23T19:29:37.726+05:30  INFO 22989 --- [     parallel-1] c.s.a.filter.JwtAuthenticationFilter     : Processing request: POST /api/merchant/login (normalized: /api/merchant/login) - Checking if public path
2026-01-23T19:29:37.726+05:30  INFO 22989 --- [     parallel-1] c.s.a.filter.JwtAuthenticationFilter     : Public path detected, skipping authentication: /api/merchant/login
2026-01-23T19:29:37.728+05:30 DEBUG 22989 --- [     parallel-1] g.f.h.o.ObservedRequestHttpHeadersFilter : Will instrument the HTTP request headers [Host:"127.0.0.1:8080", Cookie:"JSESSIONID=C54FFBDDE67A450A97AA70112AB7CD8E", Content-Type:"application/json", User-Agent:"insomnia/11.2.0", Accept:"*/*", Content-Length:"79", Forwarded:"proto=http;host="127.0.0.1:8080";for="127.0.0.1:64726"", X-Forwarded-For:"127.0.0.1", X-Forwarded-Proto:"http", X-Forwarded-Port:"8080", X-Forwarded-Host:"127.0.0.1:8080"]
2026-01-23T19:29:37.729+05:30 DEBUG 22989 --- [     parallel-1] g.f.h.o.ObservedRequestHttpHeadersFilter : Client observation  {name=http.client.requests(null), error=null, context=name='http.client.requests', contextualName='null', error='null', lowCardinalityKeyValues=[http.method='POST', http.status_code='UNKNOWN', spring.cloud.gateway.route.id='merchantservice', spring.cloud.gateway.route.uri='http://localhost:8089'], highCardinalityKeyValues=[http.uri='http://127.0.0.1:8080/api/merchant/login'], map=[class io.micrometer.core.instrument.LongTaskTimer$Sample='SampleImpl{duration(seconds)=4.36375E-4, duration(nanos)=436375.0, startTimeNanos=9136239152541}', class io.micrometer.core.instrument.Timer$Sample='io.micrometer.core.instrument.Timer$Sample@3e6c274b'], parentObservation=org.springframework.security.web.server.ObservationWebFilterChainDecorator$PhasedObservation@9241349} created for the request. New headers are [Host:"127.0.0.1:8080", Cookie:"JSESSIONID=C54FFBDDE67A450A97AA70112AB7CD8E", Content-Type:"application/json", User-Agent:"insomnia/11.2.0", Accept:"*/*", Content-Length:"79", Forwarded:"proto=http;host="127.0.0.1:8080";for="127.0.0.1:64726"", X-Forwarded-For:"127.0.0.1", X-Forwarded-Proto:"http", X-Forwarded-Port:"8080", X-Forwarded-Host:"127.0.0.1:8080"]
2026-01-23T19:29:37.737+05:30 ERROR 22989 --- [ctor-http-nio-5] c.s.a.config.GatewayErrorHandler         : Gateway request failed: status=502 path=http://127.0.0.1:8080/api/merchant/login cause=io.netty.channel.AbstractChannel$AnnotatedConnectException: Connection refused: localhost/[0:0:0:0:0:0:0:1]:8089

io.netty.channel.AbstractChannel$AnnotatedConnectException: Connection refused: localhost/[0:0:0:0:0:0:0:1]:8089
	Suppressed: reactor.core.publisher.FluxOnAssembly$OnAssemblyException: 
Error has been observed at the following site(s):
	*__checkpoint ⇢ org.springframework.cloud.gateway.filter.WeightCalculatorWebFilter [DefaultWebFilterChain]
	*__checkpoint ⇢ AuthorizationWebFilter [DefaultWebFilterChain]
	*__checkpoint ⇢ ExceptionTranslationWebFilter [DefaultWebFilterChain]
	*__checkpoint ⇢ LogoutWebFilter [DefaultWebFilterChain]
	*__checkpoint ⇢ ServerRequestCacheWebFilter [DefaultWebFilterChain]
	*__checkpoint ⇢ SecurityContextServerWebExchangeWebFilter [DefaultWebFilterChain]
	*__checkpoint ⇢ ReactorContextWebFilter [DefaultWebFilterChain]
	*__checkpoint ⇢ CorsWebFilter [DefaultWebFilterChain]
	*__checkpoint ⇢ HttpHeaderWriterWebFilter [DefaultWebFilterChain]
	*__checkpoint ⇢ ServerWebExchangeReactorContextWebFilter [DefaultWebFilterChain]
	*__checkpoint ⇢ org.springframework.security.web.server.WebFilterChainProxy [DefaultWebFilterChain]
	*__checkpoint ⇢ HTTP POST "/api/merchant/login" [ExceptionHandlingWebHandler]
Original Stack Trace:
Caused by: java.net.ConnectException: Connection refused
	at java.base/sun.nio.ch.Net.pollConnect(Native Method) ~[na:na]
	at java.base/sun.nio.ch.Net.pollConnectNow(Net.java:682) ~[na:na]
	at java.base/sun.nio.ch.SocketChannelImpl.finishConnect(SocketChannelImpl.java:973) ~[na:na]
	at io.netty.channel.socket.nio.NioSocketChannel.doFinishConnect(NioSocketChannel.java:337) ~[netty-transport-4.1.109.Final.jar:4.1.109.Final]
	at io.netty.channel.nio.AbstractNioChannel$AbstractNioUnsafe.finishConnect(AbstractNioChannel.java:339) ~[netty-transport-4.1.109.Final.jar:4.1.109.Final]
	at io.netty.channel.nio.NioEventLoop.processSelectedKey(NioEventLoop.java:776) ~[netty-transport-4.1.109.Final.jar:4.1.109.Final]
	at io.netty.channel.nio.NioEventLoop.processSelectedKeysOptimized(NioEventLoop.java:724) ~[netty-transport-4.1.109.Final.jar:4.1.109.Final]
	at io.netty.channel.nio.NioEventLoop.processSelectedKeys(NioEventLoop.java:650) ~[netty-transport-4.1.109.Final.jar:4.1.109.Final]
	at io.netty.channel.nio.NioEventLoop.run(NioEventLoop.java:562) ~[netty-transport-4.1.109.Final.jar:4.1.109.Final]
	at io.netty.util.concurrent.SingleThreadEventExecutor$4.run(SingleThreadEventExecutor.java:997) ~[netty-common-4.1.109.Final.jar:4.1.109.Final]
	at io.netty.util.internal.ThreadExecutorMap$2.run(ThreadExecutorMap.java:74) ~[netty-common-4.1.109.Final.jar:4.1.109.Final]
	at io.netty.util.concurrent.FastThreadLocalRunnable.run(FastThreadLocalRunnable.java:30) ~[netty-common-4.1.109.Final.jar:4.1.109.Final]
	at java.base/java.lang.Thread.run(Thread.java:1583) ~[na:na]

2026-01-23T19:31:23.497+05:30 DEBUG 22989 --- [     parallel-3] o.s.c.g.h.RoutePredicateHandlerMapping   : Route matched: merchantservice
2026-01-23T19:31:23.499+05:30 DEBUG 22989 --- [     parallel-3] o.s.c.g.h.RoutePredicateHandlerMapping   : Mapping [Exchange: POST http://127.0.0.1:8080/api/merchant/login] to Route{id='merchantservice', uri=http://localhost:8089, order=0, predicate=Paths: [/api/merchant/**], match trailing slash: true, gatewayFilters=[], metadata={}}
2026-01-23T19:31:23.499+05:30 DEBUG 22989 --- [     parallel-3] o.s.c.g.h.RoutePredicateHandlerMapping   : [08bdcd93-11] Mapped to org.springframework.cloud.gateway.handler.FilteringWebHandler@6151f73d
2026-01-23T19:31:23.500+05:30 DEBUG 22989 --- [     parallel-3] o.s.c.g.handler.FilteringWebHandler      : Sorted gatewayFilterFactories: [[GatewayFilterAdapter{delegate=org.springframework.cloud.gateway.filter.RemoveCachedBodyFilter@783f5f71}, order = -2147483648], [GatewayFilterAdapter{delegate=org.springframework.cloud.gateway.filter.AdaptCachedBodyGlobalFilter@183a508b}, order = -2147482648], [GatewayFilterAdapter{delegate=com.swachvega.apigateway.filter.JwtAuthenticationFilter@b5390}, order = -100], [GatewayFilterAdapter{delegate=com.swachvega.apigateway.security.MerchantApprovalEnforcementFilter@37f71e8}, order = -85], [GatewayFilterAdapter{delegate=com.swachvega.apigateway.security.AdminEnforcementFilter@59831016}, order = -80], [GatewayFilterAdapter{delegate=org.springframework.cloud.gateway.filter.NettyWriteResponseFilter@397dfbe8}, order = -1], [GatewayFilterAdapter{delegate=org.springframework.cloud.gateway.filter.ForwardPathFilter@308be1a3}, order = 0], [GatewayFilterAdapter{delegate=org.springframework.cloud.gateway.filter.GatewayMetricsFilter@e4bb10b}, order = 0], [GatewayFilterAdapter{delegate=org.springframework.cloud.gateway.filter.RouteToRequestUrlFilter@3791af}, order = 10000], [GatewayFilterAdapter{delegate=org.springframework.cloud.gateway.config.GatewayNoLoadBalancerClientAutoConfiguration$NoLoadBalancerClientFilter@178c6261}, order = 10150], [GatewayFilterAdapter{delegate=org.springframework.cloud.gateway.filter.WebsocketRoutingFilter@32cde414}, order = 2147483646], [GatewayFilterAdapter{delegate=org.springframework.cloud.gateway.filter.NettyRoutingFilter@63b0b3dd}, order = 2147483647], [GatewayFilterAdapter{delegate=org.springframework.cloud.gateway.filter.ForwardRoutingFilter@66fff42f}, order = 2147483647]]
2026-01-23T19:31:23.501+05:30  INFO 22989 --- [     parallel-3] c.s.a.filter.JwtAuthenticationFilter     : Processing request: POST /api/merchant/login (normalized: /api/merchant/login) - Checking if public path
2026-01-23T19:31:23.501+05:30  INFO 22989 --- [     parallel-3] c.s.a.filter.JwtAuthenticationFilter     : Public path detected, skipping authentication: /api/merchant/login
2026-01-23T19:31:23.512+05:30 DEBUG 22989 --- [     parallel-3] g.f.h.o.ObservedRequestHttpHeadersFilter : Will instrument the HTTP request headers [Host:"127.0.0.1:8080", User-Agent:"curl/8.7.1", Accept:"*/*", Content-Type:"application/json", Content-Length:"54", Forwarded:"proto=http;host="127.0.0.1:8080";for="127.0.0.1:64969"", X-Forwarded-For:"127.0.0.1", X-Forwarded-Proto:"http", X-Forwarded-Port:"8080", X-Forwarded-Host:"127.0.0.1:8080"]
2026-01-23T19:31:23.514+05:30 DEBUG 22989 --- [     parallel-3] g.f.h.o.ObservedRequestHttpHeadersFilter : Client observation  {name=http.client.requests(null), error=null, context=name='http.client.requests', contextualName='null', error='null', lowCardinalityKeyValues=[http.method='POST', http.status_code='UNKNOWN', spring.cloud.gateway.route.id='merchantservice', spring.cloud.gateway.route.uri='http://localhost:8089'], highCardinalityKeyValues=[http.uri='http://127.0.0.1:8080/api/merchant/login'], map=[class io.micrometer.core.instrument.LongTaskTimer$Sample='SampleImpl{duration(seconds)=4.92417E-4, duration(nanos)=492417.0, startTimeNanos=9242024784416}', class io.micrometer.core.instrument.Timer$Sample='io.micrometer.core.instrument.Timer$Sample@1ad9dc0d'], parentObservation=org.springframework.security.web.server.ObservationWebFilterChainDecorator$PhasedObservation@280b33b} created for the request. New headers are [Host:"127.0.0.1:8080", User-Agent:"curl/8.7.1", Accept:"*/*", Content-Type:"application/json", Content-Length:"54", Forwarded:"proto=http;host="127.0.0.1:8080";for="127.0.0.1:64969"", X-Forwarded-For:"127.0.0.1", X-Forwarded-Proto:"http", X-Forwarded-Port:"8080", X-Forwarded-Host:"127.0.0.1:8080"]
2026-01-23T19:31:23.615+05:30 DEBUG 22989 --- [ctor-http-nio-7] .f.h.o.ObservedResponseHttpHeadersFilter : Will instrument the response
2026-01-23T19:31:23.616+05:30 DEBUG 22989 --- [ctor-http-nio-7] .f.h.o.ObservedResponseHttpHeadersFilter : The response was handled for observation {name=http.client.requests(null), error=null, context=name='http.client.requests', contextualName='null', error='null', lowCardinalityKeyValues=[http.method='POST', http.status_code='UNKNOWN', spring.cloud.gateway.route.id='merchantservice', spring.cloud.gateway.route.uri='http://localhost:8089'], highCardinalityKeyValues=[http.uri='http://127.0.0.1:8080/api/merchant/login'], map=[class io.micrometer.core.instrument.LongTaskTimer$Sample='SampleImpl{duration(seconds)=0.102314375, duration(nanos)=1.02314375E8, startTimeNanos=9242024784416}', class io.micrometer.core.instrument.Timer$Sample='io.micrometer.core.instrument.Timer$Sample@1ad9dc0d'], parentObservation=org.springframework.security.web.server.ObservationWebFilterChainDecorator$PhasedObservation@280b33b}
2026-01-23T19:31:29.721+05:30 DEBUG 22989 --- [     parallel-6] o.s.c.g.h.RoutePredicateHandlerMapping   : Route matched: merchantservice
2026-01-23T19:31:29.722+05:30 DEBUG 22989 --- [     parallel-6] o.s.c.g.h.RoutePredicateHandlerMapping   : Mapping [Exchange: POST http://127.0.0.1:8080/api/merchant/login] to Route{id='merchantservice', uri=http://localhost:8089, order=0, predicate=Paths: [/api/merchant/**], match trailing slash: true, gatewayFilters=[], metadata={}}
2026-01-23T19:31:29.722+05:30 DEBUG 22989 --- [     parallel-6] o.s.c.g.h.RoutePredicateHandlerMapping   : [bdce5acd-12] Mapped to org.springframework.cloud.gateway.handler.FilteringWebHandler@6151f73d
2026-01-23T19:31:29.723+05:30 DEBUG 22989 --- [     parallel-6] o.s.c.g.handler.FilteringWebHandler      : Sorted gatewayFilterFactories: [[GatewayFilterAdapter{delegate=org.springframework.cloud.gateway.filter.RemoveCachedBodyFilter@783f5f71}, order = -2147483648], [GatewayFilterAdapter{delegate=org.springframework.cloud.gateway.filter.AdaptCachedBodyGlobalFilter@183a508b}, order = -2147482648], [GatewayFilterAdapter{delegate=com.swachvega.apigateway.filter.JwtAuthenticationFilter@b5390}, order = -100], [GatewayFilterAdapter{delegate=com.swachvega.apigateway.security.MerchantApprovalEnforcementFilter@37f71e8}, order = -85], [GatewayFilterAdapter{delegate=com.swachvega.apigateway.security.AdminEnforcementFilter@59831016}, order = -80], [GatewayFilterAdapter{delegate=org.springframework.cloud.gateway.filter.NettyWriteResponseFilter@397dfbe8}, order = -1], [GatewayFilterAdapter{delegate=org.springframework.cloud.gateway.filter.ForwardPathFilter@308be1a3}, order = 0], [GatewayFilterAdapter{delegate=org.springframework.cloud.gateway.filter.GatewayMetricsFilter@e4bb10b}, order = 0], [GatewayFilterAdapter{delegate=org.springframework.cloud.gateway.filter.RouteToRequestUrlFilter@3791af}, order = 10000], [GatewayFilterAdapter{delegate=org.springframework.cloud.gateway.config.GatewayNoLoadBalancerClientAutoConfiguration$NoLoadBalancerClientFilter@178c6261}, order = 10150], [GatewayFilterAdapter{delegate=org.springframework.cloud.gateway.filter.WebsocketRoutingFilter@32cde414}, order = 2147483646], [GatewayFilterAdapter{delegate=org.springframework.cloud.gateway.filter.NettyRoutingFilter@63b0b3dd}, order = 2147483647], [GatewayFilterAdapter{delegate=org.springframework.cloud.gateway.filter.ForwardRoutingFilter@66fff42f}, order = 2147483647]]
2026-01-23T19:31:29.724+05:30  INFO 22989 --- [     parallel-6] c.s.a.filter.JwtAuthenticationFilter     : Processing request: POST /api/merchant/login (normalized: /api/merchant/login) - Checking if public path
2026-01-23T19:31:29.724+05:30  INFO 22989 --- [     parallel-6] c.s.a.filter.JwtAuthenticationFilter     : Public path detected, skipping authentication: /api/merchant/login
2026-01-23T19:31:29.726+05:30 DEBUG 22989 --- [     parallel-6] g.f.h.o.ObservedRequestHttpHeadersFilter : Will instrument the HTTP request headers [Host:"127.0.0.1:8080", User-Agent:"curl/8.7.1", Accept:"*/*", Content-Type:"application/json", Content-Length:"52", Forwarded:"proto=http;host="127.0.0.1:8080";for="127.0.0.1:64985"", X-Forwarded-For:"127.0.0.1", X-Forwarded-Proto:"http", X-Forwarded-Port:"8080", X-Forwarded-Host:"127.0.0.1:8080"]
2026-01-23T19:31:29.726+05:30 DEBUG 22989 --- [     parallel-6] g.f.h.o.ObservedRequestHttpHeadersFilter : Client observation  {name=http.client.requests(null), error=null, context=name='http.client.requests', contextualName='null', error='null', lowCardinalityKeyValues=[http.method='POST', http.status_code='UNKNOWN', spring.cloud.gateway.route.id='merchantservice', spring.cloud.gateway.route.uri='http://localhost:8089'], highCardinalityKeyValues=[http.uri='http://127.0.0.1:8080/api/merchant/login'], map=[class io.micrometer.core.instrument.LongTaskTimer$Sample='SampleImpl{duration(seconds)=1.29458E-4, duration(nanos)=129458.0, startTimeNanos=9248237353750}', class io.micrometer.core.instrument.Timer$Sample='io.micrometer.core.instrument.Timer$Sample@4ba34624'], parentObservation=org.springframework.security.web.server.ObservationWebFilterChainDecorator$PhasedObservation@4564b120} created for the request. New headers are [Host:"127.0.0.1:8080", User-Agent:"curl/8.7.1", Accept:"*/*", Content-Type:"application/json", Content-Length:"52", Forwarded:"proto=http;host="127.0.0.1:8080";for="127.0.0.1:64985"", X-Forwarded-For:"127.0.0.1", X-Forwarded-Proto:"http", X-Forwarded-Port:"8080", X-Forwarded-Host:"127.0.0.1:8080"]
2026-01-23T19:31:29.946+05:30 DEBUG 22989 --- [ctor-http-nio-1] .f.h.o.ObservedResponseHttpHeadersFilter : Will instrument the response
2026-01-23T19:31:29.947+05:30 DEBUG 22989 --- [ctor-http-nio-1] .f.h.o.ObservedResponseHttpHeadersFilter : The response was handled for observation {name=http.client.requests(null), error=null, context=name='http.client.requests', contextualName='null', error='null', lowCardinalityKeyValues=[http.method='POST', http.status_code='UNKNOWN', spring.cloud.gateway.route.id='merchantservice', spring.cloud.gateway.route.uri='http://localhost:8089'], highCardinalityKeyValues=[http.uri='http://127.0.0.1:8080/api/merchant/login'], map=[class io.micrometer.core.instrument.LongTaskTimer$Sample='SampleImpl{duration(seconds)=0.220123291, duration(nanos)=2.20123291E8, startTimeNanos=9248237353750}', class io.micrometer.core.instrument.Timer$Sample='io.micrometer.core.instrument.Timer$Sample@4ba34624'], parentObservation=org.springframework.security.web.server.ObservationWebFilterChainDecorator$PhasedObservation@4564b120}
2026-01-23T19:31:57.956+05:30 DEBUG 22989 --- [     parallel-1] o.s.c.g.h.RoutePredicateHandlerMapping   : Route matched: merchantservice
2026-01-23T19:31:57.957+05:30 DEBUG 22989 --- [     parallel-1] o.s.c.g.h.RoutePredicateHandlerMapping   : Mapping [Exchange: POST http://127.0.0.1:8080/api/merchant/login] to Route{id='merchantservice', uri=http://localhost:8089, order=0, predicate=Paths: [/api/merchant/**], match trailing slash: true, gatewayFilters=[], metadata={}}
2026-01-23T19:31:57.958+05:30 DEBUG 22989 --- [     parallel-1] o.s.c.g.h.RoutePredicateHandlerMapping   : [8f603495-13] Mapped to org.springframework.cloud.gateway.handler.FilteringWebHandler@6151f73d
2026-01-23T19:31:57.960+05:30 DEBUG 22989 --- [     parallel-1] o.s.c.g.handler.FilteringWebHandler      : Sorted gatewayFilterFactories: [[GatewayFilterAdapter{delegate=org.springframework.cloud.gateway.filter.RemoveCachedBodyFilter@783f5f71}, order = -2147483648], [GatewayFilterAdapter{delegate=org.springframework.cloud.gateway.filter.AdaptCachedBodyGlobalFilter@183a508b}, order = -2147482648], [GatewayFilterAdapter{delegate=com.swachvega.apigateway.filter.JwtAuthenticationFilter@b5390}, order = -100], [GatewayFilterAdapter{delegate=com.swachvega.apigateway.security.MerchantApprovalEnforcementFilter@37f71e8}, order = -85], [GatewayFilterAdapter{delegate=com.swachvega.apigateway.security.AdminEnforcementFilter@59831016}, order = -80], [GatewayFilterAdapter{delegate=org.springframework.cloud.gateway.filter.NettyWriteResponseFilter@397dfbe8}, order = -1], [GatewayFilterAdapter{delegate=org.springframework.cloud.gateway.filter.ForwardPathFilter@308be1a3}, order = 0], [GatewayFilterAdapter{delegate=org.springframework.cloud.gateway.filter.GatewayMetricsFilter@e4bb10b}, order = 0], [GatewayFilterAdapter{delegate=org.springframework.cloud.gateway.filter.RouteToRequestUrlFilter@3791af}, order = 10000], [GatewayFilterAdapter{delegate=org.springframework.cloud.gateway.config.GatewayNoLoadBalancerClientAutoConfiguration$NoLoadBalancerClientFilter@178c6261}, order = 10150], [GatewayFilterAdapter{delegate=org.springframework.cloud.gateway.filter.WebsocketRoutingFilter@32cde414}, order = 2147483646], [GatewayFilterAdapter{delegate=org.springframework.cloud.gateway.filter.NettyRoutingFilter@63b0b3dd}, order = 2147483647], [GatewayFilterAdapter{delegate=org.springframework.cloud.gateway.filter.ForwardRoutingFilter@66fff42f}, order = 2147483647]]
2026-01-23T19:31:57.960+05:30  INFO 22989 --- [     parallel-1] c.s.a.filter.JwtAuthenticationFilter     : Processing request: POST /api/merchant/login (normalized: /api/merchant/login) - Checking if public path
2026-01-23T19:31:57.961+05:30  INFO 22989 --- [     parallel-1] c.s.a.filter.JwtAuthenticationFilter     : Public path detected, skipping authentication: /api/merchant/login
2026-01-23T19:31:57.963+05:30 DEBUG 22989 --- [     parallel-1] g.f.h.o.ObservedRequestHttpHeadersFilter : Will instrument the HTTP request headers [Host:"127.0.0.1:8080", Cookie:"JSESSIONID=C54FFBDDE67A450A97AA70112AB7CD8E", Content-Type:"application/json", User-Agent:"insomnia/11.2.0", Accept:"*/*", Content-Length:"79", Forwarded:"proto=http;host="127.0.0.1:8080";for="127.0.0.1:65034"", X-Forwarded-For:"127.0.0.1", X-Forwarded-Proto:"http", X-Forwarded-Port:"8080", X-Forwarded-Host:"127.0.0.1:8080"]
2026-01-23T19:31:57.965+05:30 DEBUG 22989 --- [     parallel-1] g.f.h.o.ObservedRequestHttpHeadersFilter : Client observation  {name=http.client.requests(null), error=null, context=name='http.client.requests', contextualName='null', error='null', lowCardinalityKeyValues=[http.method='POST', http.status_code='UNKNOWN', spring.cloud.gateway.route.id='merchantservice', spring.cloud.gateway.route.uri='http://localhost:8089'], highCardinalityKeyValues=[http.uri='http://127.0.0.1:8080/api/merchant/login'], map=[class io.micrometer.core.instrument.LongTaskTimer$Sample='SampleImpl{duration(seconds)=7.625E-4, duration(nanos)=762500.0, startTimeNanos=9276474394000}', class io.micrometer.core.instrument.Timer$Sample='io.micrometer.core.instrument.Timer$Sample@a90f2c3'], parentObservation=org.springframework.security.web.server.ObservationWebFilterChainDecorator$PhasedObservation@444ed2e0} created for the request. New headers are [Host:"127.0.0.1:8080", Cookie:"JSESSIONID=C54FFBDDE67A450A97AA70112AB7CD8E", Content-Type:"application/json", User-Agent:"insomnia/11.2.0", Accept:"*/*", Content-Length:"79", Forwarded:"proto=http;host="127.0.0.1:8080";for="127.0.0.1:65034"", X-Forwarded-For:"127.0.0.1", X-Forwarded-Proto:"http", X-Forwarded-Port:"8080", X-Forwarded-Host:"127.0.0.1:8080"]
2026-01-23T19:31:58.566+05:30 DEBUG 22989 --- [ctor-http-nio-1] .f.h.o.ObservedResponseHttpHeadersFilter : Will instrument the response
2026-01-23T19:31:58.566+05:30 DEBUG 22989 --- [ctor-http-nio-1] .f.h.o.ObservedResponseHttpHeadersFilter : The response was handled for observation {name=http.client.requests(null), error=null, context=name='http.client.requests', contextualName='null', error='null', lowCardinalityKeyValues=[http.method='POST', http.status_code='UNKNOWN', spring.cloud.gateway.route.id='merchantservice', spring.cloud.gateway.route.uri='http://localhost:8089'], highCardinalityKeyValues=[http.uri='http://127.0.0.1:8080/api/merchant/login'], map=[class io.micrometer.core.instrument.LongTaskTimer$Sample='SampleImpl{duration(seconds)=0.602991083, duration(nanos)=6.02991083E8, startTimeNanos=9276474394000}', class io.micrometer.core.instrument.Timer$Sample='io.micrometer.core.instrument.Timer$Sample@a90f2c3'], parentObservation=org.springframework.security.web.server.ObservationWebFilterChainDecorator$PhasedObservation@444ed2e0}
2026-01-23T19:32:14.677+05:30 DEBUG 22989 --- [     parallel-4] o.s.c.g.h.RoutePredicateHandlerMapping   : Route matched: merchantservice
2026-01-23T19:32:14.679+05:30 DEBUG 22989 --- [     parallel-4] o.s.c.g.h.RoutePredicateHandlerMapping   : Mapping [Exchange: GET http://127.0.0.1:8080/api/merchant/suggestions?q=Col] to Route{id='merchantservice', uri=http://localhost:8089, order=0, predicate=Paths: [/api/merchant/**], match trailing slash: true, gatewayFilters=[], metadata={}}
2026-01-23T19:32:14.680+05:30 DEBUG 22989 --- [     parallel-4] o.s.c.g.h.RoutePredicateHandlerMapping   : [8f603495-14] Mapped to org.springframework.cloud.gateway.handler.FilteringWebHandler@6151f73d
2026-01-23T19:32:14.681+05:30 DEBUG 22989 --- [     parallel-4] o.s.c.g.handler.FilteringWebHandler      : Sorted gatewayFilterFactories: [[GatewayFilterAdapter{delegate=org.springframework.cloud.gateway.filter.RemoveCachedBodyFilter@783f5f71}, order = -2147483648], [GatewayFilterAdapter{delegate=org.springframework.cloud.gateway.filter.AdaptCachedBodyGlobalFilter@183a508b}, order = -2147482648], [GatewayFilterAdapter{delegate=com.swachvega.apigateway.filter.JwtAuthenticationFilter@b5390}, order = -100], [GatewayFilterAdapter{delegate=com.swachvega.apigateway.security.MerchantApprovalEnforcementFilter@37f71e8}, order = -85], [GatewayFilterAdapter{delegate=com.swachvega.apigateway.security.AdminEnforcementFilter@59831016}, order = -80], [GatewayFilterAdapter{delegate=org.springframework.cloud.gateway.filter.NettyWriteResponseFilter@397dfbe8}, order = -1], [GatewayFilterAdapter{delegate=org.springframework.cloud.gateway.filter.ForwardPathFilter@308be1a3}, order = 0], [GatewayFilterAdapter{delegate=org.springframework.cloud.gateway.filter.GatewayMetricsFilter@e4bb10b}, order = 0], [GatewayFilterAdapter{delegate=org.springframework.cloud.gateway.filter.RouteToRequestUrlFilter@3791af}, order = 10000], [GatewayFilterAdapter{delegate=org.springframework.cloud.gateway.config.GatewayNoLoadBalancerClientAutoConfiguration$NoLoadBalancerClientFilter@178c6261}, order = 10150], [GatewayFilterAdapter{delegate=org.springframework.cloud.gateway.filter.WebsocketRoutingFilter@32cde414}, order = 2147483646], [GatewayFilterAdapter{delegate=org.springframework.cloud.gateway.filter.NettyRoutingFilter@63b0b3dd}, order = 2147483647], [GatewayFilterAdapter{delegate=org.springframework.cloud.gateway.filter.ForwardRoutingFilter@66fff42f}, order = 2147483647]]
2026-01-23T19:32:14.682+05:30  INFO 22989 --- [     parallel-4] c.s.a.filter.JwtAuthenticationFilter     : Processing request: GET /api/merchant/suggestions (normalized: /api/merchant/suggestions) - Checking if public path
2026-01-23T19:32:14.683+05:30  INFO 22989 --- [     parallel-4] c.s.a.filter.JwtAuthenticationFilter     : Protected path detected, checking authentication: /api/merchant/suggestions
2026-01-23T19:32:14.683+05:30  INFO 22989 --- [     parallel-4] c.s.a.filter.JwtAuthenticationFilter     : Authorization header for path /api/merchant/suggestions: Bearer ***
2026-01-23T19:32:14.684+05:30 DEBUG 22989 --- [     parallel-4] c.s.a.security.SimpleJwtTokenProvider    : Extracting token from header: Bearer ***
2026-01-23T19:32:14.684+05:30 DEBUG 22989 --- [     parallel-4] c.s.a.security.SimpleJwtTokenProvider    : Token extracted successfully
2026-01-23T19:32:14.684+05:30  INFO 22989 --- [     parallel-4] c.s.a.filter.JwtAuthenticationFilter     : Token extracted successfully, validating for path: /api/merchant/suggestions
2026-01-23T19:32:14.684+05:30 DEBUG 22989 --- [     parallel-4] c.s.a.security.SimpleJwtTokenProvider    : Validating access token: eyJhbGciOiJIUzI1NiJ9...
2026-01-23T19:32:14.691+05:30 DEBUG 22989 --- [     parallel-4] c.s.a.security.SimpleJwtTokenProvider    : Token validation successful for user: null
2026-01-23T19:32:14.691+05:30  INFO 22989 --- [     parallel-4] c.s.a.filter.JwtAuthenticationFilter     : Token validated successfully for user: null on path: /api/merchant/suggestions
2026-01-23T19:32:14.691+05:30  INFO 22989 --- [     parallel-4] c.s.a.filter.JwtAuthenticationFilter     : ADMIN/SUPER_ADMIN detected, allowing access to all APIs: /api/merchant/suggestions
2026-01-23T19:32:14.698+05:30 DEBUG 22989 --- [     parallel-4] g.f.h.o.ObservedRequestHttpHeadersFilter : Will instrument the HTTP request headers [Host:"127.0.0.1:8080", Cookie:"JSESSIONID=C54FFBDDE67A450A97AA70112AB7CD8E", User-Agent:"insomnia/11.2.0", X-Store-Id:"329", Authorization:"Bearer eyJhbGciOiJIUzI1NiJ9.eyJyb2xlIjoiQURNSU4iLCJwaG9uZU51bWJlciI6Ijk2MTYwMDE0MjUiLCJtZXJjaGFudElkIjoiMzVhNGQzOWEtMmYwMy00ZmRlLTg4NmItMTc5M2NhZmViMzBhIiwicmVnaXN0cmF0aW9uSWQiOiIzNWE0ZDM5YS0yZjAzLTRmZGUtODg2Yi0xNzkzY2FmZWIzMGEiLCJ0eXBlIjoiYWNjZXNzIiwidXNlcklkIjoiMzdmMmU3ZTUtMDQyMi00YTgzLTlkNDEtYzJhN2IwZWMzOWI5IiwiZW1haWwiOiJzaHZpYWt1bWFyMjVAZ21haWwuY29tIiwic3RhdHVzIjoiQVBQUk9WRUQiLCJpc3MiOiJzd2FjaHZlZ2EiLCJhdWQiOiJzd2FjaHZlZ2EtY2xpZW50cyIsImp0aSI6ImU2MzQwZWZjLTBmOTgtNDRjYy1hZDg5LTBmYjViMTRkYmM1NyIsIm5iZiI6MTc2OTE3NjkxOCwiaWF0IjoxNzY5MTc2OTE4LCJleHAiOjE3NjkxNzc4MTh9.Hiv-A8cdbIRCbB2AmwBqimFeQ8bW5aiS5ALDRmG_ucE", Accept:"*/*", X-User-Id:"37f2e7e5-0422-4a83-9d41-c2a7b0ec39b9", X-Username:"shviakumar25@gmail.com", X-User-Role:"ADMIN", X-Session-Id:"null", X-Merchant-Id:"35a4d39a-2f03-4fde-886b-1793cafeb30a", X-User-Email:"shviakumar25@gmail.com", X-User-Phone:"9616001425", X-Token-IssuedAt:"1769176918", X-Token-ExpiresAt:"1769177818", X-Token-Id:"e6340efc-0f98-44cc-ad89-0fb5b14dbc57", Forwarded:"proto=http;host="127.0.0.1:8080";for="127.0.0.1:65034"", X-Forwarded-For:"127.0.0.1", X-Forwarded-Proto:"http", X-Forwarded-Port:"8080", X-Forwarded-Host:"127.0.0.1:8080"]
2026-01-23T19:32:14.699+05:30 DEBUG 22989 --- [     parallel-4] g.f.h.o.ObservedRequestHttpHeadersFilter : Client observation  {name=http.client.requests(null), error=null, context=name='http.client.requests', contextualName='null', error='null', lowCardinalityKeyValues=[http.method='GET', http.status_code='UNKNOWN', spring.cloud.gateway.route.id='merchantservice', spring.cloud.gateway.route.uri='http://localhost:8089'], highCardinalityKeyValues=[http.uri='http://127.0.0.1:8080/api/merchant/suggestions?q=Col'], map=[class io.micrometer.core.instrument.LongTaskTimer$Sample='SampleImpl{duration(seconds)=5.75791E-4, duration(nanos)=575791.0, startTimeNanos=9293209690125}', class io.micrometer.core.instrument.Timer$Sample='io.micrometer.core.instrument.Timer$Sample@2eb04e25'], parentObservation=org.springframework.security.web.server.ObservationWebFilterChainDecorator$PhasedObservation@6c6962d5} created for the request. New headers are [Host:"127.0.0.1:8080", Cookie:"JSESSIONID=C54FFBDDE67A450A97AA70112AB7CD8E", User-Agent:"insomnia/11.2.0", X-Store-Id:"329", Authorization:"Bearer eyJhbGciOiJIUzI1NiJ9.eyJyb2xlIjoiQURNSU4iLCJwaG9uZU51bWJlciI6Ijk2MTYwMDE0MjUiLCJtZXJjaGFudElkIjoiMzVhNGQzOWEtMmYwMy00ZmRlLTg4NmItMTc5M2NhZmViMzBhIiwicmVnaXN0cmF0aW9uSWQiOiIzNWE0ZDM5YS0yZjAzLTRmZGUtODg2Yi0xNzkzY2FmZWIzMGEiLCJ0eXBlIjoiYWNjZXNzIiwidXNlcklkIjoiMzdmMmU3ZTUtMDQyMi00YTgzLTlkNDEtYzJhN2IwZWMzOWI5IiwiZW1haWwiOiJzaHZpYWt1bWFyMjVAZ21haWwuY29tIiwic3RhdHVzIjoiQVBQUk9WRUQiLCJpc3MiOiJzd2FjaHZlZ2EiLCJhdWQiOiJzd2FjaHZlZ2EtY2xpZW50cyIsImp0aSI6ImU2MzQwZWZjLTBmOTgtNDRjYy1hZDg5LTBmYjViMTRkYmM1NyIsIm5iZiI6MTc2OTE3NjkxOCwiaWF0IjoxNzY5MTc2OTE4LCJleHAiOjE3NjkxNzc4MTh9.Hiv-A8cdbIRCbB2AmwBqimFeQ8bW5aiS5ALDRmG_ucE", Accept:"*/*", X-User-Id:"37f2e7e5-0422-4a83-9d41-c2a7b0ec39b9", X-Username:"shviakumar25@gmail.com", X-User-Role:"ADMIN", X-Session-Id:"null", X-Merchant-Id:"35a4d39a-2f03-4fde-886b-1793cafeb30a", X-User-Email:"shviakumar25@gmail.com", X-User-Phone:"9616001425", X-Token-IssuedAt:"1769176918", X-Token-ExpiresAt:"1769177818", X-Token-Id:"e6340efc-0f98-44cc-ad89-0fb5b14dbc57", Forwarded:"proto=http;host="127.0.0.1:8080";for="127.0.0.1:65034"", X-Forwarded-For:"127.0.0.1", X-Forwarded-Proto:"http", X-Forwarded-Port:"8080", X-Forwarded-Host:"127.0.0.1:8080"]
2026-01-23T19:32:15.550+05:30 DEBUG 22989 --- [ctor-http-nio-1] .f.h.o.ObservedResponseHttpHeadersFilter : Will instrument the response
2026-01-23T19:32:15.551+05:30 DEBUG 22989 --- [ctor-http-nio-1] .f.h.o.ObservedResponseHttpHeadersFilter : The response was handled for observation {name=http.client.requests(null), error=null, context=name='http.client.requests', contextualName='null', error='null', lowCardinalityKeyValues=[http.method='GET', http.status_code='UNKNOWN', spring.cloud.gateway.route.id='merchantservice', spring.cloud.gateway.route.uri='http://localhost:8089'], highCardinalityKeyValues=[http.uri='http://127.0.0.1:8080/api/merchant/suggestions?q=Col'], map=[class io.micrometer.core.instrument.LongTaskTimer$Sample='SampleImpl{duration(seconds)=0.852222791, duration(nanos)=8.52222791E8, startTimeNanos=9293209690125}', class io.micrometer.core.instrument.Timer$Sample='io.micrometer.core.instrument.Timer$Sample@2eb04e25'], parentObservation=org.springframework.security.web.server.ObservationWebFilterChainDecorator$PhasedObservation@6c6962d5}
2026-01-23T19:39:53.169+05:30 DEBUG 22989 --- [     parallel-7] o.s.c.g.h.RoutePredicateHandlerMapping   : Route matched: merchantservice
2026-01-23T19:39:53.177+05:30 DEBUG 22989 --- [     parallel-7] o.s.c.g.h.RoutePredicateHandlerMapping   : Mapping [Exchange: GET http://127.0.0.1:8080/api/merchant/suggestions?q=8901030617081] to Route{id='merchantservice', uri=http://localhost:8089, order=0, predicate=Paths: [/api/merchant/**], match trailing slash: true, gatewayFilters=[], metadata={}}
2026-01-23T19:39:53.177+05:30 DEBUG 22989 --- [     parallel-7] o.s.c.g.h.RoutePredicateHandlerMapping   : [2cf60330-15] Mapped to org.springframework.cloud.gateway.handler.FilteringWebHandler@6151f73d
2026-01-23T19:39:53.181+05:30 DEBUG 22989 --- [     parallel-7] o.s.c.g.handler.FilteringWebHandler      : Sorted gatewayFilterFactories: [[GatewayFilterAdapter{delegate=org.springframework.cloud.gateway.filter.RemoveCachedBodyFilter@783f5f71}, order = -2147483648], [GatewayFilterAdapter{delegate=org.springframework.cloud.gateway.filter.AdaptCachedBodyGlobalFilter@183a508b}, order = -2147482648], [GatewayFilterAdapter{delegate=com.swachvega.apigateway.filter.JwtAuthenticationFilter@b5390}, order = -100], [GatewayFilterAdapter{delegate=com.swachvega.apigateway.security.MerchantApprovalEnforcementFilter@37f71e8}, order = -85], [GatewayFilterAdapter{delegate=com.swachvega.apigateway.security.AdminEnforcementFilter@59831016}, order = -80], [GatewayFilterAdapter{delegate=org.springframework.cloud.gateway.filter.NettyWriteResponseFilter@397dfbe8}, order = -1], [GatewayFilterAdapter{delegate=org.springframework.cloud.gateway.filter.ForwardPathFilter@308be1a3}, order = 0], [GatewayFilterAdapter{delegate=org.springframework.cloud.gateway.filter.GatewayMetricsFilter@e4bb10b}, order = 0], [GatewayFilterAdapter{delegate=org.springframework.cloud.gateway.filter.RouteToRequestUrlFilter@3791af}, order = 10000], [GatewayFilterAdapter{delegate=org.springframework.cloud.gateway.config.GatewayNoLoadBalancerClientAutoConfiguration$NoLoadBalancerClientFilter@178c6261}, order = 10150], [GatewayFilterAdapter{delegate=org.springframework.cloud.gateway.filter.WebsocketRoutingFilter@32cde414}, order = 2147483646], [GatewayFilterAdapter{delegate=org.springframework.cloud.gateway.filter.NettyRoutingFilter@63b0b3dd}, order = 2147483647], [GatewayFilterAdapter{delegate=org.springframework.cloud.gateway.filter.ForwardRoutingFilter@66fff42f}, order = 2147483647]]
2026-01-23T19:39:53.183+05:30  INFO 22989 --- [     parallel-7] c.s.a.filter.JwtAuthenticationFilter     : Processing request: GET /api/merchant/suggestions (normalized: /api/merchant/suggestions) - Checking if public path
2026-01-23T19:39:53.183+05:30  INFO 22989 --- [     parallel-7] c.s.a.filter.JwtAuthenticationFilter     : Protected path detected, checking authentication: /api/merchant/suggestions
2026-01-23T19:39:53.183+05:30  INFO 22989 --- [     parallel-7] c.s.a.filter.JwtAuthenticationFilter     : Authorization header for path /api/merchant/suggestions: Bearer ***
2026-01-23T19:39:53.186+05:30 DEBUG 22989 --- [     parallel-7] c.s.a.security.SimpleJwtTokenProvider    : Extracting token from header: Bearer ***
2026-01-23T19:39:53.186+05:30 DEBUG 22989 --- [     parallel-7] c.s.a.security.SimpleJwtTokenProvider    : Token extracted successfully
2026-01-23T19:39:53.186+05:30  INFO 22989 --- [     parallel-7] c.s.a.filter.JwtAuthenticationFilter     : Token extracted successfully, validating for path: /api/merchant/suggestions
2026-01-23T19:39:53.187+05:30 DEBUG 22989 --- [     parallel-7] c.s.a.security.SimpleJwtTokenProvider    : Validating access token: eyJhbGciOiJIUzI1NiJ9...
2026-01-23T19:39:53.218+05:30 DEBUG 22989 --- [     parallel-7] c.s.a.security.SimpleJwtTokenProvider    : Token validation successful for user: null
2026-01-23T19:39:53.218+05:30  INFO 22989 --- [     parallel-7] c.s.a.filter.JwtAuthenticationFilter     : Token validated successfully for user: null on path: /api/merchant/suggestions
2026-01-23T19:39:53.222+05:30  INFO 22989 --- [     parallel-7] c.s.a.filter.JwtAuthenticationFilter     : ADMIN/SUPER_ADMIN detected, allowing access to all APIs: /api/merchant/suggestions
2026-01-23T19:39:53.244+05:30 DEBUG 22989 --- [     parallel-7] g.f.h.o.ObservedRequestHttpHeadersFilter : Will instrument the HTTP request headers [Host:"127.0.0.1:8080", Cookie:"JSESSIONID=C54FFBDDE67A450A97AA70112AB7CD8E", User-Agent:"insomnia/11.2.0", X-Store-Id:"329", Authorization:"Bearer eyJhbGciOiJIUzI1NiJ9.eyJyb2xlIjoiQURNSU4iLCJwaG9uZU51bWJlciI6Ijk2MTYwMDE0MjUiLCJtZXJjaGFudElkIjoiMzVhNGQzOWEtMmYwMy00ZmRlLTg4NmItMTc5M2NhZmViMzBhIiwicmVnaXN0cmF0aW9uSWQiOiIzNWE0ZDM5YS0yZjAzLTRmZGUtODg2Yi0xNzkzY2FmZWIzMGEiLCJ0eXBlIjoiYWNjZXNzIiwidXNlcklkIjoiMzdmMmU3ZTUtMDQyMi00YTgzLTlkNDEtYzJhN2IwZWMzOWI5IiwiZW1haWwiOiJzaHZpYWt1bWFyMjVAZ21haWwuY29tIiwic3RhdHVzIjoiQVBQUk9WRUQiLCJpc3MiOiJzd2FjaHZlZ2EiLCJhdWQiOiJzd2FjaHZlZ2EtY2xpZW50cyIsImp0aSI6ImU2MzQwZWZjLTBmOTgtNDRjYy1hZDg5LTBmYjViMTRkYmM1NyIsIm5iZiI6MTc2OTE3NjkxOCwiaWF0IjoxNzY5MTc2OTE4LCJleHAiOjE3NjkxNzc4MTh9.Hiv-A8cdbIRCbB2AmwBqimFeQ8bW5aiS5ALDRmG_ucE", Accept:"*/*", X-User-Id:"37f2e7e5-0422-4a83-9d41-c2a7b0ec39b9", X-Username:"shviakumar25@gmail.com", X-User-Role:"ADMIN", X-Session-Id:"null", X-Merchant-Id:"35a4d39a-2f03-4fde-886b-1793cafeb30a", X-User-Email:"shviakumar25@gmail.com", X-User-Phone:"9616001425", X-Token-IssuedAt:"1769176918", X-Token-ExpiresAt:"1769177818", X-Token-Id:"e6340efc-0f98-44cc-ad89-0fb5b14dbc57", Forwarded:"proto=http;host="127.0.0.1:8080";for="127.0.0.1:50413"", X-Forwarded-For:"127.0.0.1", X-Forwarded-Proto:"http", X-Forwarded-Port:"8080", X-Forwarded-Host:"127.0.0.1:8080"]
2026-01-23T19:39:53.248+05:30 DEBUG 22989 --- [     parallel-7] g.f.h.o.ObservedRequestHttpHeadersFilter : Client observation  {name=http.client.requests(null), error=null, context=name='http.client.requests', contextualName='null', error='null', lowCardinalityKeyValues=[http.method='GET', http.status_code='UNKNOWN', spring.cloud.gateway.route.id='merchantservice', spring.cloud.gateway.route.uri='http://localhost:8089'], highCardinalityKeyValues=[http.uri='http://127.0.0.1:8080/api/merchant/suggestions?q=8901030617081'], map=[class io.micrometer.core.instrument.LongTaskTimer$Sample='SampleImpl{duration(seconds)=0.002506417, duration(nanos)=2506417.0, startTimeNanos=9751755016333}', class io.micrometer.core.instrument.Timer$Sample='io.micrometer.core.instrument.Timer$Sample@54996522'], parentObservation=org.springframework.security.web.server.ObservationWebFilterChainDecorator$PhasedObservation@14a97181} created for the request. New headers are [Host:"127.0.0.1:8080", Cookie:"JSESSIONID=C54FFBDDE67A450A97AA70112AB7CD8E", User-Agent:"insomnia/11.2.0", X-Store-Id:"329", Authorization:"Bearer eyJhbGciOiJIUzI1NiJ9.eyJyb2xlIjoiQURNSU4iLCJwaG9uZU51bWJlciI6Ijk2MTYwMDE0MjUiLCJtZXJjaGFudElkIjoiMzVhNGQzOWEtMmYwMy00ZmRlLTg4NmItMTc5M2NhZmViMzBhIiwicmVnaXN0cmF0aW9uSWQiOiIzNWE0ZDM5YS0yZjAzLTRmZGUtODg2Yi0xNzkzY2FmZWIzMGEiLCJ0eXBlIjoiYWNjZXNzIiwidXNlcklkIjoiMzdmMmU3ZTUtMDQyMi00YTgzLTlkNDEtYzJhN2IwZWMzOWI5IiwiZW1haWwiOiJzaHZpYWt1bWFyMjVAZ21haWwuY29tIiwic3RhdHVzIjoiQVBQUk9WRUQiLCJpc3MiOiJzd2FjaHZlZ2EiLCJhdWQiOiJzd2FjaHZlZ2EtY2xpZW50cyIsImp0aSI6ImU2MzQwZWZjLTBmOTgtNDRjYy1hZDg5LTBmYjViMTRkYmM1NyIsIm5iZiI6MTc2OTE3NjkxOCwiaWF0IjoxNzY5MTc2OTE4LCJleHAiOjE3NjkxNzc4MTh9.Hiv-A8cdbIRCbB2AmwBqimFeQ8bW5aiS5ALDRmG_ucE", Accept:"*/*", X-User-Id:"37f2e7e5-0422-4a83-9d41-c2a7b0ec39b9", X-Username:"shviakumar25@gmail.com", X-User-Role:"ADMIN", X-Session-Id:"null", X-Merchant-Id:"35a4d39a-2f03-4fde-886b-1793cafeb30a", X-User-Email:"shviakumar25@gmail.com", X-User-Phone:"9616001425", X-Token-IssuedAt:"1769176918", X-Token-ExpiresAt:"1769177818", X-Token-Id:"e6340efc-0f98-44cc-ad89-0fb5b14dbc57", Forwarded:"proto=http;host="127.0.0.1:8080";for="127.0.0.1:50413"", X-Forwarded-For:"127.0.0.1", X-Forwarded-Proto:"http", X-Forwarded-Port:"8080", X-Forwarded-Host:"127.0.0.1:8080"]
2026-01-23T19:39:55.167+05:30 DEBUG 22989 --- [ctor-http-nio-4] .f.h.o.ObservedResponseHttpHeadersFilter : Will instrument the response
2026-01-23T19:39:55.170+05:30 DEBUG 22989 --- [ctor-http-nio-4] .f.h.o.ObservedResponseHttpHeadersFilter : The response was handled for observation {name=http.client.requests(null), error=null, context=name='http.client.requests', contextualName='null', error='null', lowCardinalityKeyValues=[http.method='GET', http.status_code='UNKNOWN', spring.cloud.gateway.route.id='merchantservice', spring.cloud.gateway.route.uri='http://localhost:8089'], highCardinalityKeyValues=[http.uri='http://127.0.0.1:8080/api/merchant/suggestions?q=8901030617081'], map=[class io.micrometer.core.instrument.LongTaskTimer$Sample='SampleImpl{duration(seconds)=1.924904875, duration(nanos)=1.924904875E9, startTimeNanos=9751755016333}', class io.micrometer.core.instrument.Timer$Sample='io.micrometer.core.instrument.Timer$Sample@54996522'], parentObservation=org.springframework.security.web.server.ObservationWebFilterChainDecorator$PhasedObservation@14a97181}
2026-01-23T19:46:37.912+05:30 DEBUG 22989 --- [     parallel-2] o.s.c.g.h.RoutePredicateHandlerMapping   : Route matched: merchantservice
2026-01-23T19:46:37.917+05:30 DEBUG 22989 --- [     parallel-2] o.s.c.g.h.RoutePredicateHandlerMapping   : Mapping [Exchange: GET http://127.0.0.1:8080/api/merchant?q=colgate&auto_suggestions=true] to Route{id='merchantservice', uri=http://localhost:8089, order=0, predicate=Paths: [/api/merchant/**], match trailing slash: true, gatewayFilters=[], metadata={}}
2026-01-23T19:46:37.917+05:30 DEBUG 22989 --- [     parallel-2] o.s.c.g.h.RoutePredicateHandlerMapping   : [b7728063-16] Mapped to org.springframework.cloud.gateway.handler.FilteringWebHandler@6151f73d
2026-01-23T19:46:37.924+05:30 DEBUG 22989 --- [     parallel-2] o.s.c.g.handler.FilteringWebHandler      : Sorted gatewayFilterFactories: [[GatewayFilterAdapter{delegate=org.springframework.cloud.gateway.filter.RemoveCachedBodyFilter@783f5f71}, order = -2147483648], [GatewayFilterAdapter{delegate=org.springframework.cloud.gateway.filter.AdaptCachedBodyGlobalFilter@183a508b}, order = -2147482648], [GatewayFilterAdapter{delegate=com.swachvega.apigateway.filter.JwtAuthenticationFilter@b5390}, order = -100], [GatewayFilterAdapter{delegate=com.swachvega.apigateway.security.MerchantApprovalEnforcementFilter@37f71e8}, order = -85], [GatewayFilterAdapter{delegate=com.swachvega.apigateway.security.AdminEnforcementFilter@59831016}, order = -80], [GatewayFilterAdapter{delegate=org.springframework.cloud.gateway.filter.NettyWriteResponseFilter@397dfbe8}, order = -1], [GatewayFilterAdapter{delegate=org.springframework.cloud.gateway.filter.ForwardPathFilter@308be1a3}, order = 0], [GatewayFilterAdapter{delegate=org.springframework.cloud.gateway.filter.GatewayMetricsFilter@e4bb10b}, order = 0], [GatewayFilterAdapter{delegate=org.springframework.cloud.gateway.filter.RouteToRequestUrlFilter@3791af}, order = 10000], [GatewayFilterAdapter{delegate=org.springframework.cloud.gateway.config.GatewayNoLoadBalancerClientAutoConfiguration$NoLoadBalancerClientFilter@178c6261}, order = 10150], [GatewayFilterAdapter{delegate=org.springframework.cloud.gateway.filter.WebsocketRoutingFilter@32cde414}, order = 2147483646], [GatewayFilterAdapter{delegate=org.springframework.cloud.gateway.filter.NettyRoutingFilter@63b0b3dd}, order = 2147483647], [GatewayFilterAdapter{delegate=org.springframework.cloud.gateway.filter.ForwardRoutingFilter@66fff42f}, order = 2147483647]]
2026-01-23T19:46:37.929+05:30  INFO 22989 --- [     parallel-2] c.s.a.filter.JwtAuthenticationFilter     : Processing request: GET /api/merchant (normalized: /api/merchant) - Checking if public path
2026-01-23T19:46:37.930+05:30  INFO 22989 --- [     parallel-2] c.s.a.filter.JwtAuthenticationFilter     : Protected path detected, checking authentication: /api/merchant
2026-01-23T19:46:37.932+05:30  INFO 22989 --- [     parallel-2] c.s.a.filter.JwtAuthenticationFilter     : Authorization header for path /api/merchant: Bearer ***
2026-01-23T19:46:37.932+05:30 DEBUG 22989 --- [     parallel-2] c.s.a.security.SimpleJwtTokenProvider    : Extracting token from header: Bearer ***
2026-01-23T19:46:37.932+05:30 DEBUG 22989 --- [     parallel-2] c.s.a.security.SimpleJwtTokenProvider    : Token extracted successfully
2026-01-23T19:46:37.932+05:30  INFO 22989 --- [     parallel-2] c.s.a.filter.JwtAuthenticationFilter     : Token extracted successfully, validating for path: /api/merchant
2026-01-23T19:46:37.932+05:30 DEBUG 22989 --- [     parallel-2] c.s.a.security.SimpleJwtTokenProvider    : Validating access token: eyJhbGciOiJIUzI1NiJ9...
2026-01-23T19:46:37.950+05:30 DEBUG 22989 --- [     parallel-2] c.s.a.security.SimpleJwtTokenProvider    : Token validation successful for user: null
2026-01-23T19:46:37.951+05:30  INFO 22989 --- [     parallel-2] c.s.a.filter.JwtAuthenticationFilter     : Token validated successfully for user: null on path: /api/merchant
2026-01-23T19:46:37.951+05:30  INFO 22989 --- [     parallel-2] c.s.a.filter.JwtAuthenticationFilter     : ADMIN/SUPER_ADMIN detected, allowing access to all APIs: /api/merchant
2026-01-23T19:46:37.986+05:30 DEBUG 22989 --- [     parallel-2] g.f.h.o.ObservedRequestHttpHeadersFilter : Will instrument the HTTP request headers [Host:"127.0.0.1:8080", Cookie:"JSESSIONID=C54FFBDDE67A450A97AA70112AB7CD8E", User-Agent:"insomnia/11.2.0", X-Store-Id:"329", Authorization:"Bearer eyJhbGciOiJIUzI1NiJ9.eyJyb2xlIjoiQURNSU4iLCJwaG9uZU51bWJlciI6Ijk2MTYwMDE0MjUiLCJtZXJjaGFudElkIjoiMzVhNGQzOWEtMmYwMy00ZmRlLTg4NmItMTc5M2NhZmViMzBhIiwicmVnaXN0cmF0aW9uSWQiOiIzNWE0ZDM5YS0yZjAzLTRmZGUtODg2Yi0xNzkzY2FmZWIzMGEiLCJ0eXBlIjoiYWNjZXNzIiwidXNlcklkIjoiMzdmMmU3ZTUtMDQyMi00YTgzLTlkNDEtYzJhN2IwZWMzOWI5IiwiZW1haWwiOiJzaHZpYWt1bWFyMjVAZ21haWwuY29tIiwic3RhdHVzIjoiQVBQUk9WRUQiLCJpc3MiOiJzd2FjaHZlZ2EiLCJhdWQiOiJzd2FjaHZlZ2EtY2xpZW50cyIsImp0aSI6ImU2MzQwZWZjLTBmOTgtNDRjYy1hZDg5LTBmYjViMTRkYmM1NyIsIm5iZiI6MTc2OTE3NjkxOCwiaWF0IjoxNzY5MTc2OTE4LCJleHAiOjE3NjkxNzc4MTh9.Hiv-A8cdbIRCbB2AmwBqimFeQ8bW5aiS5ALDRmG_ucE", Accept:"*/*", X-User-Id:"37f2e7e5-0422-4a83-9d41-c2a7b0ec39b9", X-Username:"shviakumar25@gmail.com", X-User-Role:"ADMIN", X-Session-Id:"null", X-Merchant-Id:"35a4d39a-2f03-4fde-886b-1793cafeb30a", X-User-Email:"shviakumar25@gmail.com", X-User-Phone:"9616001425", X-Token-IssuedAt:"1769176918", X-Token-ExpiresAt:"1769177818", X-Token-Id:"e6340efc-0f98-44cc-ad89-0fb5b14dbc57", Forwarded:"proto=http;host="127.0.0.1:8080";for="127.0.0.1:51094"", X-Forwarded-For:"127.0.0.1", X-Forwarded-Proto:"http", X-Forwarded-Port:"8080", X-Forwarded-Host:"127.0.0.1:8080"]
2026-01-23T19:46:37.989+05:30 DEBUG 22989 --- [     parallel-2] g.f.h.o.ObservedRequestHttpHeadersFilter : Client observation  {name=http.client.requests(null), error=null, context=name='http.client.requests', contextualName='null', error='null', lowCardinalityKeyValues=[http.method='GET', http.status_code='UNKNOWN', spring.cloud.gateway.route.id='merchantservice', spring.cloud.gateway.route.uri='http://localhost:8089'], highCardinalityKeyValues=[http.uri='http://127.0.0.1:8080/api/merchant?q=colgate&auto_suggestions=true'], map=[class io.micrometer.core.instrument.LongTaskTimer$Sample='SampleImpl{duration(seconds)=0.001934667, duration(nanos)=1934667.0, startTimeNanos=10156499655916}', class io.micrometer.core.instrument.Timer$Sample='io.micrometer.core.instrument.Timer$Sample@21715a64'], parentObservation=org.springframework.security.web.server.ObservationWebFilterChainDecorator$PhasedObservation@579f5846} created for the request. New headers are [Host:"127.0.0.1:8080", Cookie:"JSESSIONID=C54FFBDDE67A450A97AA70112AB7CD8E", User-Agent:"insomnia/11.2.0", X-Store-Id:"329", Authorization:"Bearer eyJhbGciOiJIUzI1NiJ9.eyJyb2xlIjoiQURNSU4iLCJwaG9uZU51bWJlciI6Ijk2MTYwMDE0MjUiLCJtZXJjaGFudElkIjoiMzVhNGQzOWEtMmYwMy00ZmRlLTg4NmItMTc5M2NhZmViMzBhIiwicmVnaXN0cmF0aW9uSWQiOiIzNWE0ZDM5YS0yZjAzLTRmZGUtODg2Yi0xNzkzY2FmZWIzMGEiLCJ0eXBlIjoiYWNjZXNzIiwidXNlcklkIjoiMzdmMmU3ZTUtMDQyMi00YTgzLTlkNDEtYzJhN2IwZWMzOWI5IiwiZW1haWwiOiJzaHZpYWt1bWFyMjVAZ21haWwuY29tIiwic3RhdHVzIjoiQVBQUk9WRUQiLCJpc3MiOiJzd2FjaHZlZ2EiLCJhdWQiOiJzd2FjaHZlZ2EtY2xpZW50cyIsImp0aSI6ImU2MzQwZWZjLTBmOTgtNDRjYy1hZDg5LTBmYjViMTRkYmM1NyIsIm5iZiI6MTc2OTE3NjkxOCwiaWF0IjoxNzY5MTc2OTE4LCJleHAiOjE3NjkxNzc4MTh9.Hiv-A8cdbIRCbB2AmwBqimFeQ8bW5aiS5ALDRmG_ucE", Accept:"*/*", X-User-Id:"37f2e7e5-0422-4a83-9d41-c2a7b0ec39b9", X-Username:"shviakumar25@gmail.com", X-User-Role:"ADMIN", X-Session-Id:"null", X-Merchant-Id:"35a4d39a-2f03-4fde-886b-1793cafeb30a", X-User-Email:"shviakumar25@gmail.com", X-User-Phone:"9616001425", X-Token-IssuedAt:"1769176918", X-Token-ExpiresAt:"1769177818", X-Token-Id:"e6340efc-0f98-44cc-ad89-0fb5b14dbc57", Forwarded:"proto=http;host="127.0.0.1:8080";for="127.0.0.1:51094"", X-Forwarded-For:"127.0.0.1", X-Forwarded-Proto:"http", X-Forwarded-Port:"8080", X-Forwarded-Host:"127.0.0.1:8080"]
2026-01-23T19:46:39.197+05:30 DEBUG 22989 --- [ctor-http-nio-6] .f.h.o.ObservedResponseHttpHeadersFilter : Will instrument the response
2026-01-23T19:46:39.198+05:30 DEBUG 22989 --- [ctor-http-nio-6] .f.h.o.ObservedResponseHttpHeadersFilter : The response was handled for observation {name=http.client.requests(null), error=null, context=name='http.client.requests', contextualName='null', error='null', lowCardinalityKeyValues=[http.method='GET', http.status_code='UNKNOWN', spring.cloud.gateway.route.id='merchantservice', spring.cloud.gateway.route.uri='http://localhost:8089'], highCardinalityKeyValues=[http.uri='http://127.0.0.1:8080/api/merchant?q=colgate&auto_suggestions=true'], map=[class io.micrometer.core.instrument.LongTaskTimer$Sample='SampleImpl{duration(seconds)=1.210416792, duration(nanos)=1.210416792E9, startTimeNanos=10156499655916}', class io.micrometer.core.instrument.Timer$Sample='io.micrometer.core.instrument.Timer$Sample@21715a64'], parentObservation=org.springframework.security.web.server.ObservationWebFilterChainDecorator$PhasedObservation@579f5846}
